[tse] 1101 (台泥, 8198/5465619) : 水泥工業,水泥,TSE-水泥,水泥指標,中概股指標
[tse] 1102 (亞泥, 5042/3361447) : 水泥工業,水泥,TSE-水泥,水泥指標,中概股指標
[tse] 1103 (嘉泥, 1162/774780) : 水泥工業,水泥,TSE-水泥,水泥指標
[tse] 1104 (環泥, 980/653609) : 水泥工業,TSE-水泥,水泥指標
[tse] 1108 (幸福, 607/404738) : 水泥工業,TSE-水泥,水泥指標
[tse] 1109 (信大, 512/341957) : 水泥工業,TSE-水泥,水泥指標
[tse] 1110 (東泥, 858/572000) : 水泥工業,TSE-水泥,水泥指標
[tse] 1201 (味全, 759/506062) : 食品工業,食品,TSE-食品,綜合食物指標,資產股指標
[tse] 1203 (味王, 360/240000) : 食品工業,TSE-食品,綜合食物指標
[tse] 1210 (大成, 1241/827339) : 食品工業,食品,TSE-食品,大宗物資指標
[tse] 1213 (大飲, 84/56622) : 食品工業
[tse] 1215 (卜蜂, 401/267990) : 食品工業,食品,TSE-食品,大宗物資指標
[tse] 1216 (統一, 8523/5682015) : 食品工業,食品,TSE-食品,綜合食物指標,中概股指標
[tse] 1217 (愛之味, 741/494513) : 食品工業,TSE-食品,綜合食物指標
[tse] 1218 (泰山, 749/499999) : 食品工業,食品,TSE-食品,大宗物資指標,綜合食物指標
[tse] 1219 (福壽, 483/322013) : 食品工業,TSE-食品,大宗物資指標
[tse] 1220 (台榮, 265/177077) : 食品工業,TSE-食品,大宗物資指標,綜合食物指標
[tse] 1225 (福懋油, 328/218703) : 食品工業,TSE-食品,大宗物資指標
[tse] 1227 (佳格, 1372/915089) : 食品工業,食品,TSE-食品,綜合食物指標
[tse] 1229 (聯華, 1657/1104739) : 食品工業,食品,TSE-食品,大宗物資指標
[tse] 1231 (聯華食, 261/174595) : 食品工業,食品,TSE-食品,綜合食物指標
[tse] 1232 (大統益, 239/159974) : 食品工業,TSE-食品,大宗物資指標
[tse] 1233 (天仁, 135/90591) : 食品工業,TSE-食品,綜合食物指標,餐飲指標
[tse] 1234 (黑松, 602/401871) : 食品工業,TSE-食品,綜合食物指標,資產股指標
[tse] 1235 (興泰, 148/98955) : 食品工業,TSE-食品,大宗物資指標
[tse] 1236 (宏亞, 162/108342) : 食品工業,綜合食物指標
[otc] 1240 (茂生農經, 50/33990) : 農業科技,其他*,大宗物資指標
[tse] 1256 (鮮活果汁-KY, 50/33842) : 食品工業,食品,TSE-食品,綜合食物指標
[otc] 1258 (其祥-KY, 55/36819) : 食品工業,綜合食物指標
[otc] 1259 (安心, 48/32389) : 觀光事業,OTC-觀光,餐飲指標
[otc] 1264 (德麥, 50/33695) : 食品工業,綜合食物指標
[otc] 1268 (漢來美食, 56/37723) : 觀光事業,OTC-觀光,餐飲指標
[tse] 1301 (台塑, 9548/6365740) : 塑膠工業,塑膠,TSE-塑膠,塑膠原料指標,中概股指標,傳產外銷指標,塑膠_PVC
[tse] 1303 (南亞, 11896/7930821) : 塑膠工業,塑膠,TSE-塑膠,塑膠原料指標,塑膠製品指標,聚酯纖維指標,印刷電路板上游,中概股指標,傳產外銷指標
[tse] 1304 (台聚, 1783/1188763) : 塑膠工業,塑膠,TSE-塑膠,塑膠原料指標
[tse] 1305 (華夏, 790/527029) : 塑膠工業,塑膠,TSE-塑膠,塑膠原料指標,塑膠_PVC
[tse] 1307 (三芳, 596/397818) : 塑膠工業,TSE-塑膠,塑膠製品指標
[tse] 1308 (亞聚, 831/554382) : 塑膠工業,塑膠,TSE-塑膠,塑膠原料指標
[tse] 1309 (台達化, 501/334204) : 塑膠工業,塑膠,TSE-塑膠,塑膠原料指標
[tse] 1310 (台苯, 791/527869) : 塑膠工業,塑膠,TSE-塑膠,塑膠原料指標,塑膠_SM
[tse] 1312 (國喬, 1359/906620) : 塑膠工業,塑膠,TSE-塑膠,塑膠原料指標,塑膠_SM
[tse] 1313 (聯成, 1998/1332347) : 塑膠工業,塑膠,TSE-塑膠,塑膠原料指標
[tse] 1314 (中石化, 4927/3284850) : 塑膠工業,塑膠,TSE-塑膠,尼龍指標,資產股指標
[tse] 1315 (達新, 297/198000) : 塑膠工業,TSE-塑膠,塑膠製品指標
[tse] 1316 (上曜, 277/184677) : 建材營造,化學工業,合成樹酯指標
[tse] 1319 (東陽, 887/591477) : 汽車工業,汽車零組件,TSE-塑膠,汽車零組件指標,AM族群
[tse] 1321 (大洋, 340/227228) : 塑膠工業,TSE-塑膠,塑膠原料指標,塑膠製品指標
[tse] 1323 (永裕, 136/91274) : 塑膠工業,塑膠,TSE-塑膠,塑膠製品指標
[tse] 1324 (地球, 112/75121) : 塑膠工業,膠帶貼紙指標
[tse] 1325 (恆大, 127/85281) : 塑膠工業,不織布指標,口罩
[tse] 1326 (台化, 8791/5861186) : 塑膠工業,塑膠,TSE-塑膠,塑膠原料指標,塑膠_SM
[otc] 1333 (恩得利, 111/74515) : 電子零組件業
[otc] 1336 (台翰, 115/77098) : 電子零組件業,模具沖壓指標
[tse] 1337 (再生-KY, 403/268954) : 塑膠工業,塑膠製品指標
[tse] 1338 (廣華-KY, 125/83840) : 汽車工業,汽車零組件,TSE-汽車,汽車零組件指標
[tse] 1339 (昭輝, 111/74138) : 汽車工業,TSE-塑膠
[tse] 1340 (勝悅-KY, 229/152922) : 塑膠工業,製鞋,TSE-塑膠
[tse] 1341 (富林-KY, 74/49400) : 塑膠工業,TSE-塑膠,塑膠製品指標
[tse] 1402 (遠東新, 8029/5352875) : 紡織纖維,紡織纖維,TSE-紡織,加工絲指標,聚酯纖維指標,中概股指標,資產股指標
[tse] 1409 (新纖, 2427/1618409) : 紡織纖維,紡織纖維,TSE-紡織,聚酯纖維指標,資產股指標
[tse] 1410 (南染, 94/63000) : 紡織纖維,染整指標
[tse] 1413 (宏洲, 198/132112) : 紡織纖維,加工絲指標
[tse] 1414 (東和, 330/220000) : 紡織纖維,紡織指標
[tse] 1416 (廣豐, 278/185342) : 其他
[tse] 1417 (嘉裕, 284/189941) : 紡織纖維,紡織纖維,成衣指標
[tse] 1418 (東華, 85/56834) : 紡織纖維,紡織指標
[tse] 1419 (新紡, 450/300041) : 紡織纖維,TSE-紡織,成衣指標,長織布指標,資產股指標
[tse] 1423 (利華, 207/138400) : 紡織纖維
[tse] 1432 (大魯閣, 251/167937) : 貿易百貨,TSE-貿易百貨,務業租貸指標
[tse] 1434 (福懋, 2526/1684664) : 紡織纖維,紡織纖維,TSE-紡織,油電燃氣指標,尼龍指標,長織布指標
[tse] 1435 (中福, 209/139780) : 其他,務業租貸指標
[tse] 1436 (華友聯, 143/95634) : 建材營造
[tse] 1437 (勤益控, 305/203371) : 其他,務業租貸指標
[tse] 1438 (裕豐, 153/102411) : 建材營造,家居用品指標
[tse] 1439 (中和, 138/92000) : 紡織纖維,紡織纖維,TSE-紡織
[tse] 1440 (南紡, 2485/1656815) : 紡織纖維,紡織纖維,TSE-紡織,紡織指標,聚酯纖維指標,資產股指標
[tse] 1441 (大東, 151/100800) : 紡織纖維,紡織指標
[tse] 1442 (名軒, 461/307726) : 建材營造
[tse] 1443 (立益, 203/135343) : 紡織纖維,陸運指標
[tse] 1444 (力麗, 1435/957302) : 紡織纖維,紡織纖維,TSE-紡織,加工絲指標,聚酯纖維指標,APPLE
[tse] 1445 (大宇, 195/130666) : 紡織纖維,加工絲指標,長織布指標
[tse] 1446 (宏和, 206/137709) : 紡織纖維,TSE-紡織,長織布指標
[tse] 1447 (力鵬, 1371/914487) : 紡織纖維,TSE-紡織,尼龍指標
[tse] 1449 (佳和, 270/180030) : 紡織纖維,長織布指標
[tse] 1451 (年興, 297/198000) : 紡織纖維,TSE-紡織,成衣指標
[tse] 1452 (宏益, 198/132641) : 紡織纖維,加工絲指標
[tse] 1453 (大將, 147/98642) : 紡織纖維,紡織指標
[tse] 1454 (台富, 194/129833) : 紡織纖維,長織布指標
[tse] 1455 (集盛, 867/578000) : 紡織纖維,紡織纖維,TSE-紡織,加工絲指標,尼龍指標
[tse] 1456 (怡華, 140/93720) : 紡織纖維,紡織指標
[tse] 1457 (宜進, 452/301647) : 紡織纖維,紡織纖維,TSE-紡織,加工絲指標
[tse] 1459 (聯發, 537/358628) : 紡織纖維,TSE-紡織,加工絲指標
[tse] 1460 (宏遠, 764/509834) : 紡織纖維,TSE-紡織,長織布指標
[tse] 1463 (強盛, 259/173268) : 紡織纖維,紡織纖維,染整指標
[tse] 1464 (得力, 576/384565) : 紡織纖維,TSE-紡織,長織布指標
[tse] 1465 (偉全, 155/103607) : 紡織纖維,長織布指標
[tse] 1466 (聚隆, 166/111157) : 紡織纖維,尼龍指標
[tse] 1467 (南緯, 350/233624) : 紡織纖維,成衣指標
[tse] 1468 (昶和, 240/160405) : 紡織纖維,長織布指標
[tse] 1470 (大統新創, 128/85767) : 紡織纖維,染整指標,長織布指標
[tse] 1471 (首利, 225/150414) : 電子零組件業,機殼指標
[tse] 1472 (三洋紡, 69/46052) : 紡織纖維,紡織纖維,尼龍指標
[tse] 1473 (台南, 220/147153) : 紡織纖維,成衣指標
[tse] 1474 (弘裕, 194/129896) : 紡織纖維,長織布指標
[tse] 1475 (本盟, 54/36016) : 紡織纖維,長織布指標
[tse] 1476 (儒鴻, 411/274367) : 紡織纖維,紡織纖維,TSE-紡織,成衣指標,長織布指標,傳產外銷指標
[tse] 1477 (聚陽, 329/219856) : 紡織纖維,紡織纖維,TSE-紡織,成衣指標,傳產外銷指標
[tse] 1503 (士電, 781/520972) : 電機機械,TSE-電機機械,重電業指標,機器人指標,資產股指標
[tse] 1504 (東元, 2951/1967692) : 電機機械,電機,TSE-電機機械,重電業指標,家具指標,機器人指標,資產股指標
[tse] 1506 (正道, 244/163161) : 電機機械
[tse] 1507 (永大, 616/410820) : 電機機械,電機,TSE-電機機械,建材指標
[tse] 1512 (瑞利, 355/236702) : 汽車工業
[tse] 1513 (中興電, 630/420000) : 電機機械,電機,TSE-電機機械,重電業指標,TESLA,風電概念
[tse] 1514 (亞力, 310/207099) : 電機機械,電機,重電業指標,台積概念股
[tse] 1515 (力山, 272/181473) : 電機機械,電機,TSE-電機機械,手工具機業指標,健身
[tse] 1516 (川飛, 50/33350) : 其他,環保水利指標
[tse] 1517 (利奇, 341/227825) : 電機機械,自行車指標
[tse] 1519 (華城, 391/261058) : 電機機械,電機,重電業指標,風電概念
[tse] 1521 (大億, 114/76230) : 汽車工業,汽車零組件指標
[tse] 1522 (堤維西, 469/312897) : 汽車工業,汽車零組件,TSE-電機機械,汽車零組件指標,AM族群
[tse] 1524 (耿鼎, 269/179685) : 汽車工業
[tse] 1525 (江申, 110/73400) : 汽車工業,汽車零組件,汽車零組件指標,TESLA
[tse] 1526 (日馳, 90/60000) : 電機機械,電機,自行車指標
[tse] 1527 (鑽全, 207/138570) : 電機機械,電機,TSE-電機機械,手工具機業指標
[tse] 1528 (恩德, 298/199331) : 電機機械,產業機械指標
[tse] 1529 (樂士, 143/95967) : 電機機械,重電業指標
[tse] 1530 (亞崴, 144/96594) : 電機機械,工具機械指標
[tse] 1531 (高林股, 277/185008) : 電機機械
[tse] 1532 (勤美, 577/385252) : 電機機械,鋼鐵,TSE-電機機械,汽車零組件指標,資產股指標
[tse] 1533 (車王電, 147/98547) : 汽車工業,汽車零組件,汽車零組件指標,車用電子指標
[tse] 1535 (中宇, 185/123742) : 電機機械,營造指標
[tse] 1536 (和大, 382/254956) : 汽車工業,汽車零組件,TSE-電機機械,汽車零組件指標,傳產外銷指標,TESLA
[tse] 1537 (廣隆, 122/81785) : 電機機械,電池相關,TSE-電機機械,重電業指標
[tse] 1538 (正峰新, 84/56135) : 電機機械,手工具機業指標
[tse] 1539 (巨庭, 98/65370) : 電機機械,電機,手工具機業指標
[tse] 1540 (喬福, 128/85473) : 電機機械,工具機械指標
[tse] 1541 (錩泰, 118/78800) : 電機機械,手工具機業指標
[tse] 1558 (伸興, 90/60535) : 電機機械,電機,TSE-電機機械
[tse] 1560 (中砂, 211/141000) : 電機機械,電機,TSE-電機機械,機械零組件指標,台積概念設備廠
[otc] 1565 (精華, 75/50416) : 生技醫療業,生技醫療器材與服務,OTC-生技醫療,醫療產品指標,光學鏡片指標,傳產外銷指標,隱形眼鏡
[tse] 1568 (倉佑, 154/103086) : 汽車工業
[otc] 1569 (濱川, 170/113443) : 電腦及週邊設備業,機殼,模具沖壓指標,APPLE
[otc] 1570 (力肯, 77/51500) : 電機機械,手工具機業指標
[otc] 1580 (新麥, 75/50230) : 電機機械,OTC-電機機械,產業機械指標
[tse] 1582 (信錦, 185/123724) : 電子零組件業,NB與手機零組件,樞紐指標
[tse] 1583 (程泰, 165/110400) : 電機機械,工具機械指標
[otc] 1584 (精剛, 123/82470) : 其他,飛機零組件指標,不鏽鋼指標
[otc] 1586 (和勤, 120/80151) : 電機機械,汽車零組件,OTC-電機機械,周邊產品指標,模具沖壓指標,TESLA
[tse] 1587 (吉茂, 99/66356) : 汽車工業,車用散熱
[tse] 1589 (永冠-KY, 158/105617) : 電機機械,電機,機械零組件指標,風電概念
[tse] 1590 (亞德客-KY, 283/189024) : 電機機械,電機,TSE-電機機械,機械零組件指標,中概股指標
[otc] 1591 (駿吉-KY, 49/33164) : 電機機械,電機,線材盤元指標
[tse] 1592 (英瑞-KY, 166/110978) : 汽車工業
[otc] 1593 (祺驊, 47/31948) : 生技醫療業,重電業指標
[otc] 1595 (川寶, 70/47148) : 電子零組件業
[otc] 1597 (直得, 121/81187) : 電機機械,電機,OTC-電機機械,機械零組件指標
[tse] 1598 (岱宇, 181/120982) : 生技醫療業,健身
[otc] 1599 (宏佳騰, 110/73458) : 電機機械,電機,OTC-電機機械,機車相關指標
[tse] 1603 (華電, 287/191688) : 電器電纜
[tse] 1604 (聲寶, 580/387200) : 電器電纜,消費電子*,TSE-電器電纜,家具指標
[tse] 1605 (華新, 4989/3326000) : 電器電纜,電線電纜*,TSE-電器電纜,電線電纜指標,華新集團
[tse] 1608 (華榮, 949/632773) : 電器電纜,TSE-電器電纜,電線電纜指標,銅概念股
[tse] 1609 (大亞, 892/595068) : 電器電纜,電線電纜*,TSE-電器電纜,電線電纜指標,風電概念,銅概念股
[tse] 1611 (中電, 537/358595) : 電器電纜,電機,TSE-電器電纜,家具指標
[tse] 1612 (宏泰, 474/316080) : 電器電纜,TSE-電器電纜,電線電纜指標,印刷電路板上游,銅概念股
[tse] 1614 (三洋電, 403/269113) : 電器電纜,TSE-電器電纜,家具指標
[tse] 1615 (大山, 167/111861) : 電器電纜,TSE-電器電纜,電線電纜指標
[tse] 1616 (億泰, 291/194148) : 電器電纜,TSE-電器電纜,電線電纜指標
[tse] 1617 (榮星, 216/144233) : 電器電纜,TSE-電器電纜,電線電纜指標
[tse] 1618 (合機, 361/240864) : 電器電纜,TSE-電器電纜,電線電纜指標
[tse] 1626 (艾美特-KY, 205/136850) : 電器電纜,電機,TSE-電器電纜,家具指標
[tse] 1701 (中化, 447/298081) : 生技醫療業,生技製藥,TSE-生技醫療,西藥製藥指標
[tse] 1702 (南僑, 441/294132) : 食品工業,食品,TSE-食品,大宗物資指標,資產股指標
[tse] 1707 (葡萄王, 204/136286) : 生技醫療業,生計保健食品與美妝品,TSE-化學生技醫療,TSE-生技醫療,保健品指標
[tse] 1708 (東鹼, 342/228441) : 化學工業,化學工業,TSE-化工,化工指標
[tse] 1709 (和益, 715/477016) : 化學工業,化學工業,TSE-化工,化工指標
[tse] 1710 (東聯, 1328/885703) : 化學工業,化學工業,TSE-化學生技醫療,TSE-化工,聚酯纖維指標,化工指標
[tse] 1711 (永光, 821/547752) : 化學工業,化學工業,TSE-化學生技醫療,TSE-化工,化工指標,周邊產品指標
[tse] 1712 (興農, 630/420492) : 化學工業,化學工業,TSE-化工,化工指標,農藥指標
[tse] 1713 (國化, 226/150951) : 化學工業
[tse] 1714 (和桐, 1525/1016824) : 化學工業,化學工業,TSE-化工,油電燃氣指標,化工指標
[tse] 1717 (長興, 1860/1240279) : 化學工業,化學工業,TSE-化學生技醫療,TSE-化工,化工指標,合成樹酯指標,電子化工材料指標,傳產外銷指標,台積概念股
[tse] 1718 (中纖, 2432/1621367) : 化學工業,化學工業,TSE-化學生技醫療,TSE-化工,聚酯纖維指標
[tse] 1720 (生達, 268/178696) : 生技醫療業,生技製藥,TSE-生技醫療,西藥製藥指標,保健品指標
[tse] 1721 (三晃, 333/222347) : 化學工業
[tse] 1722 (台肥, 1470/980000) : 化學工業,化學工業,TSE-化學生技醫療,TSE-化工,化工指標,資產股指標
[tse] 1723 (中碳, 355/236904) : 化學工業,化學工業,TSE-化學生技醫療,TSE-化工,塑膠原料指標,化工指標
[tse] 1724 (台硝, 191/127813) : 化學工業
[tse] 1725 (元禎, 272/181829) : 化學工業
[tse] 1726 (永記, 243/162000) : 化學工業,TSE-化學生技醫療,TSE-化工,化工指標
[tse] 1727 (中華化, 165/110250) : 化學工業
[tse] 1730 (花仙子, 94/63233) : 化學工業,化學工業,TSE-化工,清潔用品指標
[tse] 1731 (美吾華, 199/132915) : 生技醫療業,清潔用品指標,藥品通路指標
[tse] 1732 (毛寶, 63/42443) : 化學工業,清潔用品指標
[tse] 1733 (五鼎, 149/99950) : 生技醫療業,生技醫療器材與服務,醫療產品指標
[tse] 1734 (杏輝, 251/167722) : 生技醫療業,TSE-生技醫療,保健品指標
[tse] 1735 (日勝化, 149/99388) : 化學工業,合成樹酯指標
[tse] 1736 (喬山, 455/303616) : 生技醫療業,其他*,TSE-化學生技醫療,TSE-生技醫療,健身
[tse] 1737 (臺鹽, 300/200000) : 食品工業,食品,TSE-食品,綜合食物指標
[otc] 1742 (台蠟, 107/71550) : 化學工業,OTC-化工
[otc] 1752 (南光, 151/100988) : 生技醫療業
[tse] 1760 (寶齡富錦, 115/76739) : 生技醫療業,生技製藥,TSE-化學生技醫療,TSE-生技醫療,西藥製藥指標
[tse] 1762 (中化生, 116/77560) : 生技醫療業,原料藥指標
[tse] 1773 (勝一, 225/150000) : 化學工業,化學工業,TSE-化學生技醫療,TSE-化工,化工指標
[tse] 1776 (展宇, 105/70360) : 化學工業,合成樹酯指標
[otc] 1777 (生泰, 45/30059) : 生技醫療業,原料藥指標
[otc] 1781 (合世, 71/47407) : 生技醫療業
[tse] 1783 (和康生, 104/69465) : 生技醫療業,生技醫療器材與服務,醫療產品指標
[otc] 1784 (訊聯, 74/49626) : 生技醫療業,生技醫療器材與服務,生物科技指標
[otc] 1785 (光洋科, 747/498431) : 其他電子業,光碟片*,OTC-其他電子,電子化工材料指標,﻿黃金概念股,台積概念股
[tse] 1786 (科妍, 87/58100) : 生技醫療業,生技醫療器材與服務,TSE-生技醫療,醫療產品指標
[otc] 1788 (杏昌, 54/36000) : 生技醫療業,醫療器材通路指標
[tse] 1789 (神隆, 1186/790739) : 生技醫療業,生技製藥,TSE-化學生技醫療,TSE-生技醫療,原料藥指標,傳產外銷指標
[tse] 1795 (美時, 367/245303) : 生技醫療業,生技製藥,OTC-生技醫療,西藥製藥指標
[otc] 1796 (金穎生技, 41/27893) : 食品工業,保健品指標
[otc] 1799 (易威, 209/139379) : 生技醫療業,原料藥指標
[tse] 1802 (台玻, 4362/2908060) : 玻璃陶瓷,玻璃*,TSE-玻璃陶瓷,建材指標,印刷電路板上游
[tse] 1805 (寶徠, 150/100265) : 建材營造
[tse] 1806 (冠軍, 650/433782) : 玻璃陶瓷,TSE-玻璃陶瓷,建材指標
[tse] 1808 (潤隆, 462/308330) : 建材營造,營建,TSE-建材營造,營件指標
[tse] 1809 (中釉, 250/167041) : 玻璃陶瓷,TSE-玻璃陶瓷,建材指標
[tse] 1810 (和成, 554/369853) : 玻璃陶瓷,TSE-玻璃陶瓷,家居用品指標
[otc] 1813 (寶利徠, 69/46635) : 生技醫療業,生技醫療器材與服務,光學鏡片指標
[otc] 1815 (富喬, 634/422946) : 電子零組件業,PCB材料設備,OTC-電子零組件,印刷電路板上游
[tse] 1817 (凱撒衛, 108/72600) : 玻璃陶瓷,TSE-玻璃陶瓷,家居用品指標
[tse] 1903 (士紙, 390/260039) : 造紙工業,TSE-造紙,造紙指標,務業租貸指標,資產股指標
[tse] 1904 (正隆, 1662/1108274) : 造紙工業,造紙,TSE-造紙,造紙指標
[tse] 1905 (華紙, 1654/1102835) : 造紙工業,造紙,TSE-造紙,造紙指標
[tse] 1906 (寶隆, 226/151000) : 造紙工業,造紙,TSE-造紙,造紙指標
[tse] 1907 (永豐餘, 2490/1660371) : 造紙工業,造紙,TSE-造紙,造紙指標
[tse] 1909 (榮成, 1826/1217685) : 造紙工業,造紙,TSE-造紙,造紙指標
[tse] 2002 (中鋼, 23602/15734860) : 鋼鐵工業,鋼鐵,TSE-鋼鐵,平板鋼指標,條鋼指標,中概股指標,TESLA
[tse] 2006 (東和鋼鐵, 1506/1004060) : 鋼鐵工業,鋼鐵,TSE-鋼鐵,平板鋼指標,條鋼指標,H型鋼
[tse] 2007 (燁興, 795/530651) : 鋼鐵工業,不鏽鋼指標,線材盤元指標
[tse] 2008 (高興昌, 301/200852) : 鋼鐵工業,平板鋼指標,條鋼指標
[tse] 2009 (第一銅, 539/359622) : 鋼鐵工業,鋼鐵,TSE-鋼鐵,非鐵金屬指標,銅概念股
[tse] 2010 (春源, 971/647655) : 鋼鐵工業,TSE-鋼鐵,平板鋼指標,條鋼指標
[tse] 2012 (春雨, 431/287774) : 鋼鐵工業,TSE-鋼鐵,線材盤元指標
[tse] 2013 (中鋼構, 300/200000) : 鋼鐵工業,鋼鐵,TSE-鋼鐵,條鋼指標,H型鋼
[tse] 2014 (中鴻, 2153/1435544) : 鋼鐵工業,鋼鐵,TSE-鋼鐵,平板鋼指標,條鋼指標
[tse] 2015 (豐興, 872/581599) : 鋼鐵工業,鋼鐵,TSE-鋼鐵,條鋼指標,H型鋼
[tse] 2017 (官田鋼, 512/341867) : 鋼鐵工業,線材盤元指標
[tse] 2020 (美亞, 333/222526) : 鋼鐵工業,TSE-鋼鐵,平板鋼指標,條鋼指標
[tse] 2022 (聚亨, 719/479751) : 鋼鐵工業,鋼鐵,線材盤元指標
[tse] 2023 (燁輝, 2869/1913327) : 鋼鐵工業,鋼鐵,TSE-鋼鐵,平板鋼指標
[tse] 2024 (志聯, 146/97500) : 鋼鐵工業,線材盤元指標,條鋼指標
[tse] 2025 (千興, 421/281167) : 鋼鐵工業
[tse] 2027 (大成鋼, 1850/1233790) : 鋼鐵工業,鋼鐵,TSE-鋼鐵,不鏽鋼指標,傳產外銷指標
[tse] 2028 (威致, 488/325714) : 鋼鐵工業,平板鋼指標,條鋼指標,H型鋼
[tse] 2029 (盛餘, 481/321180) : 鋼鐵工業,TSE-鋼鐵,平板鋼指標
[tse] 2030 (彰源, 429/286526) : 鋼鐵工業,鋼鐵,TSE-鋼鐵,不鏽鋼指標
[tse] 2031 (新光鋼, 460/307187) : 鋼鐵工業,鋼鐵,TSE-鋼鐵,平板鋼指標,風電概念
[tse] 2032 (新鋼, 195/130521) : 鋼鐵工業,不鏽鋼指標
[tse] 2033 (佳大, 121/80694) : 鋼鐵工業,線材盤元指標
[tse] 2034 (允強, 610/407130) : 鋼鐵工業,鋼鐵,TSE-鋼鐵,不鏽鋼指標
[otc] 2035 (唐榮公司, 525/350000) : 鋼鐵工業,OTC-鋼鐵,不鏽鋼指標,資產股指標
[tse] 2038 (海光, 271/181264) : 鋼鐵工業,條鋼指標,H型鋼
[tse] 2049 (上銀, 464/309578) : 電機機械,電機,TSE-電機機械,機械零組件指標,機器人指標
[tse] 2059 (川湖, 142/95297) : 電子零組件業,其他*,TSE-電子零組件
[otc] 2061 (風青, 87/58660) : 電器電纜,電線電纜指標
[tse] 2062 (橋椿, 244/163014) : 其他,家居用品指標
[otc] 2063 (世鎧, 67/45000) : 鋼鐵工業,OTC-鋼鐵,不鏽鋼指標,線材盤元指標
[otc] 2064 (晉椿, 105/70000) : 鋼鐵工業,OTC-鋼鐵,線材盤元指標,條鋼指標
[otc] 2065 (世豐, 49/32919) : 鋼鐵工業,OTC-鋼鐵,線材盤元指標
[otc] 2066 (世德, 54/36502) : 電機機械,OTC-電機機械,線材盤元指標,TESLA
[otc] 2067 (嘉鋼, 67/45138) : 電機機械,機械零組件指標
[tse] 2069 (運錩, 234/156386) : 鋼鐵工業,鋼鐵,TSE-鋼鐵,不鏽鋼指標
[otc] 2070 (精湛, 53/35782) : 電機機械,電機
[tse] 2101 (南港, 1250/833934) : 橡膠工業,橡膠,TSE-橡膠,橡膠輪胎指標,傳產外銷指標,資產股指標
[tse] 2102 (泰豐, 709/473329) : 橡膠工業,TSE-橡膠,橡膠輪胎指標
[tse] 2103 (台橡, 1238/825709) : 橡膠工業,橡膠,TSE-橡膠,橡膠原料,傳產外銷指標
[tse] 2104 (國際中橡, 1477/984733) : 橡膠工業,橡膠,TSE-橡膠,橡膠原料
[tse] 2105 (正新, 4862/3241415) : 橡膠工業,橡膠,TSE-橡膠,橡膠輪胎指標,中概股指標,傳產外銷指標
[tse] 2106 (建大, 1311/874430) : 橡膠工業,橡膠,TSE-橡膠,橡膠輪胎指標,傳產外銷指標
[tse] 2107 (厚生, 513/342326) : 橡膠工業,橡膠,TSE-橡膠,塑膠製品指標,橡膠輪胎指標
[tse] 2108 (南帝, 738/492416) : 橡膠工業,橡膠,TSE-橡膠,橡膠原料
[tse] 2109 (華豐, 498/332349) : 橡膠工業,TSE-橡膠,橡膠輪胎指標
[tse] 2114 (鑫永銓, 106/70901) : 橡膠工業,TSE-橡膠,橡膠輪胎指標
[tse] 2115 (六暉-KY, 129/86063) : 汽車工業,TSE-橡膠,汽車零組件指標
[tse] 2201 (裕隆, 2359/1572919) : 汽車工業,汽車,TSE-汽車,汽車股指標,資產股指標
[tse] 2204 (中華, 830/553620) : 汽車工業,汽車,TSE-汽車,汽車股指標
[tse] 2206 (三陽工業, 1280/853595) : 汽車工業,汽車,TSE-汽車,汽車股指標,機車相關指標,資產股指標
[tse] 2207 (和泰車, 819/546179) : 汽車工業,汽車,TSE-汽車,汽車股指標
[tse] 2208 (台船, 709/472991) : 航運業,航運,TSE-航運,貨櫃航運指標,散裝航運指標,其他傳統產業指標,風電概念
[otc] 2221 (大甲, 63/42325) : 其他,鋼鐵,不鏽鋼指標
[tse] 2227 (裕日車, 450/300000) : 汽車工業,汽車,TSE-汽車,汽車股指標,中概股指標
[tse] 2228 (劍麟, 113/75780) : 汽車工業,汽車零組件,汽車零組件指標
[otc] 2230 (泰茂, 59/39913) : 電機機械
[tse] 2231 (為升, 184/122821) : 汽車工業,汽車零組件,TSE-電機機械,汽車零組件指標,車用電子指標,傳產外銷指標,TESLA
[tse] 2233 (宇隆, 90/60288) : 汽車工業,汽車零組件,OTC-電機機械,機械零組件指標,汽車零組件指標
[otc] 2235 (謚源, 53/35878) : 電機機械
[tse] 2236 (百達-KY, 67/44826) : 汽車工業
[tse] 2239 (英利-KY, 177/118007) : 汽車工業,汽車零組件,TSE-汽車,汽車零組件指標,TESLA
[tse] 2243 (宏旭-KY, 68/45718) : 汽車工業,TSE-汽車
[tse] 2301 (光寶科, 3526/2350867) : 電腦及週邊設備業,電子代工*,TSE-電子,TSE-電腦與周邊設備,周邊產品指標,電源相關指標,無線充電指標
[tse] 2302 (麗正, 249/166302) : 半導體業,LED及光元件,分離式元件指標
[tse] 2303 (聯電, 18333/12222371) : 半導體業,IC設計,TSE-電子,TSE-半導體,半導體指標
[tse] 2305 (全友, 308/205660) : 電腦及週邊設備業
[tse] 2308 (台達電, 3896/2597543) : 電子零組件業,電子代工*,TSE-電子,TSE-電子零組件,電源相關指標,車用電子指標,無線充電指標,中概股指標,TESLA
[tse] 2312 (金寶, 2198/1465941) : 其他電子業,電子代工*,TSE-其他電子,電子代工指標,穿戴式裝置指標
[tse] 2313 (華通, 1787/1191820) : 電子零組件業,PCB製造,TSE-電子零組件,手機零組件指標,印刷電路指標,APPLE
[tse] 2314 (台揚, 342/228028) : 通信網路業,通訊設備,網路通訊指標
[tse] 2316 (楠梓電, 304/203045) : 電子零組件業,PCB製造,印刷電路指標
[tse] 2317 (鴻海, 20794/13862990) : 其他電子業,電子代工*,TSE-電子,TSE-其他電子,手機股指標,連接器指標,電子代工指標,機器人指標,穿戴式裝置指標,雲端指標,中概股指標,APPLE
[tse] 2321 (東訊, 222/148665) : 通信網路業,3C通路指標
[tse] 2323 (中環, 1738/1158881) : 光電業,光碟片*,TSE-光電,光碟指標
[tse] 2324 (仁寶, 6610/4407146) : 電腦及週邊設備業,筆記型電腦*,TSE-電腦與周邊設備,筆記型電腦指標,電子代工指標,機器人指標,穿戴式裝置指標,雲端指標
[tse] 2327 (國巨, 740/493667) : 電子零組件業,被動元件,TSE-電子,TSE-電子零組件,MLCC指標,被動元件指標,LTCC,國巨集團
[tse] 2328 (廣宇, 777/518346) : 電子零組件業,連接元件,連接線材指標,周邊產品指標,鴻海車用
[tse] 2329 (華泰, 835/557214) : 半導體業,Ic封測,IC封測指標
[tse] 2330 (台積電, 38895/25930380) : 半導體業,半導體*,TSE-電子,TSE-半導體,半導體指標,APPLE,AMD
[tse] 2331 (精英, 836/557402) : 電腦及週邊設備業,主機板*,電腦版卡顯示,筆記型電腦指標
[tse] 2332 (友訊, 977/651996) : 通信網路業,網通,TSE-網路通信,無線網路指標,網路通訊指標
[tse] 2337 (旺宏, 2784/1856309) : 半導體業,DRAM,TSE-半導體,半導體指標
[tse] 2338 (光罩, 379/252713) : 半導體業,半導體*,半導體指標,台積概念股
[tse] 2340 (光磊, 567/378622) : 光電業,LED及光元件,LED指標
[tse] 2342 (茂矽, 234/156217) : 半導體業,半導體*,半導體指標
[tse] 2344 (華邦電, 5970/3980000) : 半導體業,DRAM,TSE-半導體,半導體指標,利基型記憶體IC指標,華新集團
[tse] 2345 (智邦, 837/558515) : 通信網路業,網通,TSE-網路通信,電子代工指標,網路通訊指標,WIFI6
[tse] 2347 (聯強, 2501/1667946) : 電子通路業,資訊通路*,TSE-電子通路,3C通路指標,中概股指標
[tse] 2348 (海悅, 131/87515) : 其他,其他*,服務業指標
[tse] 2349 (錸德, 1926/1284157) : 光電業,光碟片*,TSE-光電,光碟指標
[tse] 2351 (順德, 273/182140) : 半導體業,連接元件,IC封測指標,TESLA,導線架,銅概念股
[tse] 2352 (佳世達, 2950/1966781) : 電腦及週邊設備業,電子代工*,TSE-電腦與周邊設備,電子代工指標,顯示器指標
[tse] 2353 (宏碁, 4612/3074933) : 電腦及週邊設備業,筆記型電腦*,TSE-電腦與周邊設備,筆記型電腦指標,穿戴式裝置指標,雲端指標
[tse] 2354 (鴻準, 2121/1414485) : 其他電子業,機殼,TSE-其他電子,遊戲相關指標,電子代工指標,機殼指標,鋁鎂合金指標,雲端指標,APPLE
[tse] 2355 (敬鵬, 596/397495) : 電子零組件業,PCB製造,印刷電路指標,車用電子指標
[tse] 2356 (英業達, 5381/3587475) : 電腦及週邊設備業,筆記型電腦*,TSE-電腦與周邊設備,筆記型電腦指標,穿戴式裝置指標,雲端指標,中概股指標,伺服器概念股
[tse] 2357 (華碩, 1114/742760) : 電腦及週邊設備業,筆記型電腦*,TSE-電子,TSE-電腦與周邊設備,電腦版卡顯示,筆記型電腦指標,機器人指標,穿戴式裝置指標,雲端指標,WIFI6
[tse] 2358 (廷鑫, 141/94616) : 其他,非鐵金屬指標
[tse] 2359 (所羅門, 257/171471) : 其他電子業,IC通路*,IC零組件通路商指標
[tse] 2360 (致茂, 629/419821) : 其他電子業,儀器設備工程,TSE-其他電子,設備儀器廠商指標,台積概念設備廠,TESLA
[tse] 2362 (藍天, 1004/669763) : 電腦及週邊設備業,筆記型電腦*,TSE-電腦與周邊設備,3C通路指標,筆記型電腦指標
[tse] 2363 (矽統, 831/554062) : 半導體業,IC設計
[tse] 2364 (倫飛, 293/195924) : 電腦及週邊設備業,筆記型電腦指標
[tse] 2365 (昆盈, 351/234538) : 電腦及週邊設備業
[tse] 2367 (燿華, 929/619407) : 電子零組件業,PCB製造,手機零組件指標,印刷電路指標,TWS概念股
[tse] 2368 (金像電, 819/546487) : 電子零組件業,PCB製造,印刷電路指標,伺服器概念股
[tse] 2369 (菱生, 570/380102) : 半導體業,Ic封測
[tse] 2371 (大同, 3509/2339536) : 電機機械,電機,TSE-電機機械,家具指標,電線電纜指標,電子代工指標,資產股指標
[tse] 2373 (震旦行, 354/236202) : 其他電子業,資訊通路*,TSE-其他電子,周邊產品指標
[tse] 2374 (佳能, 423/282362) : 光電業,消費電子*
[tse] 2375 (凱美, 203/135844) : 電子零組件業,被動元件,被動元件指標,國巨集團
[tse] 2376 (技嘉, 953/635688) : 電腦及週邊設備業,主機板*,TSE-電腦與周邊設備,電腦版卡顯示,雲端指標,AMD
[tse] 2377 (微星, 1267/844856) : 電腦及週邊設備業,筆記型電腦*,TSE-電腦與周邊設備,電腦版卡顯示,筆記型電腦指標,雲端指標
[tse] 2379 (瑞昱, 766/510684) : 半導體業,IC設計,TSE-半導體,IC設計指標,WIFI6
[tse] 2380 (虹光, 269/179444) : 電腦及週邊設備業
[tse] 2382 (廣達, 5793/3862627) : 電腦及週邊設備業,筆記型電腦*,TSE-電子,TSE-電腦與周邊設備,筆記型電腦指標,電子代工指標,穿戴式裝置指標,雲端指標,伺服器概念股
[tse] 2383 (台光電, 479/319708) : 電子零組件業,PCB製造,TSE-電子零組件,印刷電路板上游,PCB_CCL,伺服器概念股
[tse] 2385 (群光, 1109/739460) : 電子零組件業,消費電子*,TSE-電子零組件,周邊產品指標,穿戴式裝置指標,銅概念股
[tse] 2387 (精元, 294/196297) : 電腦及週邊設備業,周邊產品指標,APPLE_鍵盤
[tse] 2388 (威盛, 739/493303) : 半導體業,IC設計,IC設計指標
[tse] 2390 (云辰, 321/214021) : 其他電子業,安全監控*,安全監控系統指標
[tse] 2392 (正崴, 768/512326) : 電子零組件業,連接元件,連接線材指標,連接器指標
[tse] 2393 (億光, 665/443392) : 光電業,LED及光元件,TSE-光電,LED指標,mini_led
[tse] 2395 (研華, 1051/700870) : 電腦及週邊設備業,工業電腦,TSE-電子,TSE-電腦與周邊設備,工業電腦指標,機器人指標,雲端指標
[tse] 2397 (友通, 172/114688) : 電腦及週邊設備業,工業電腦指標
[tse] 2399 (映泰, 267/178100) : 電腦及週邊設備業,主機板*,電腦版卡顯示,比特幣概念股
[tse] 2401 (凌陽, 887/591994) : 半導體業,IC設計
[tse] 2402 (毅嘉, 461/307536) : 電子零組件業,PCB製造,手機零組件指標,軟板指標,穿戴式裝置指標
[tse] 2404 (漢唐, 285/190586) : 其他電子業,儀器設備工程,TSE-其他電子,無塵室工程指標,台積概念股,APPLE
[tse] 2405 (浩鑫, 515/343427) : 電腦及週邊設備業,筆記型電腦*,筆記型電腦指標
[tse] 2406 (國碩, 308/205905) : 光電業,太陽能,太陽能指標
[tse] 2408 (南亞科, 4611/3074660) : 半導體業,DRAM,TSE-電子,TSE-半導體,半導體指標,利基型記憶體IC指標
[tse] 2409 (友達, 14436/9624245) : 光電業,LCDTFT面板,TSE-電子,TSE-光電,TFT面板指標,手機零組件指標
[tse] 2412 (中華電, 11636/7757446) : 通信網路業,電信服務*,TSE-電子,TSE-網路通信,電信股指標,雲端指標
[tse] 2413 (環科, 191/127359) : 電子零組件業,電源供應器,電源相關指標,變壓器指標,穿戴式裝置指標
[tse] 2414 (精技, 242/161735) : 電子通路業,TSE-電子通路,3C通路指標
[tse] 2415 (錩新, 120/80000) : 電子零組件業,模具製造*,音響設備及零件指標
[tse] 2417 (圓剛, 289/192892) : 電腦及週邊設備業,消費電子*,視訊轉換相關指標
[tse] 2419 (仲琦, 493/328986) : 通信網路業,通訊設備,接取設備指標,網路通訊指標
[tse] 2420 (新巨, 228/152648) : 電子零組件業,電源供應器,電源相關指標
[tse] 2421 (建準, 376/250929) : 電子零組件業,散熱模組指標,TESLA,散熱風扇,伺服器概念股
[tse] 2423 (固緯, 217/145047) : 其他電子業,儀器設備工程,TSE-其他電子,設備儀器廠商指標
[tse] 2424 (隴華, 45/30000) : 電腦及週邊設備業
[tse] 2425 (承啟, 152/101498) : 電腦及週邊設備業,主機板*,電腦版卡顯示
[tse] 2426 (鼎元, 450/300622) : 光電業,LED及光元件,LED指標
[tse] 2427 (三商電, 276/184314) : 資訊服務業,TSE-資訊服務,軟體指標
[tse] 2428 (興勤, 192/128112) : 電子零組件業,被動元件,被動元件指標,國巨集團,車用被動元件
[tse] 2429 (銘旺科, 55/36736) : 電子零組件業,觸控面板指標
[tse] 2430 (燦坤, 249/166468) : 電子通路業,TSE-電子通路,家具指標,3C通路指標
[tse] 2431 (聯昌, 166/110927) : 電子零組件業,電源供應器,變壓器指標,無線充電指標
[tse] 2433 (互盛電, 216/144496) : 其他電子業,軟體系統整合*,TSE-其他電子,周邊產品指標
[tse] 2434 (統懋, 105/70602) : 半導體業,分離式元件指標
[tse] 2436 (偉詮電, 267/178009) : 半導體業,IC設計,類比IC指標,車用電子指標,MCU,快充IC
[tse] 2438 (翔耀, 142/95215) : 光電業
[tse] 2439 (美律, 312/208622) : 通信網路業,NB與手機零組件,TSE-網路通信,手機零組件指標,TWS概念股
[tse] 2440 (太空梭, 208/139117) : 電子零組件業,電線電纜指標,連接線材指標
[tse] 2441 (超豐, 853/568845) : 半導體業,Ic封測,TSE-半導體,IC封測指標
[tse] 2442 (新美齊, 400/267210) : 電腦及週邊設備業,顯示器*,顯示器指標
[tse] 2443 (億麗, 218/145687) : 其他
[tse] 2444 (兆勁, 158/105557) : 通信網路業,網通,無線網路指標
[tse] 2448 (晶電, 1633/1088701) : 光電業,LED及光元件,TSE-光電,LED指標,mini_led
[tse] 2449 (京元電子, 1834/1222745) : 半導體業,Ic封測,TSE-半導體,IC封測指標
[tse] 2450 (神腦, 387/258252) : 通信網路業,TSE-網路通信,3C通路指標
[tse] 2451 (創見, 643/429061) : 半導體業,DRAM,TSE-半導體,記憶體模組指標
[tse] 2453 (凌群, 150/100000) : 資訊服務業,軟體系統整合*,TSE-資訊服務
[tse] 2454 (聯發科, 2383/1588850) : 半導體業,IC設計,TSE-電子,TSE-半導體,IC設計指標,手機零組件指標,無線充電指標,WIFI6
[tse] 2455 (全新, 277/184905) : 通信網路業,砷化鎵,TSE-網路通信,砷化鎵相關指標,WIFI6
[tse] 2456 (奇力新, 383/255340) : 電子零組件業,被動元件,TSE-電子零組件,被動元件指標,LTCC,華新集團
[tse] 2457 (飛宏, 506/337688) : 電子零組件業,電源供應器,電源相關指標
[tse] 2458 (義隆, 455/303880) : 半導體業,IC設計,TSE-半導體,IC設計指標,車用電子指標,TESLA,MCU
[tse] 2459 (敦吉, 158/105900) : 電子通路業,TSE-電子通路,其他電子通路指標
[tse] 2460 (建通, 253/169200) : 電子零組件業,連接器指標
[tse] 2461 (光群雷, 238/159324) : 其他電子業
[tse] 2462 (良得電, 213/142484) : 電子零組件業,連接線材指標
[tse] 2464 (盟立, 293/195531) : 其他電子業,儀器設備工程,TSE-其他電子,設備儀器廠商指標,機器人指標,台積概念股
[tse] 2465 (麗臺, 80/53587) : 電腦及週邊設備業,PC介面卡,電腦版卡顯示,比特幣概念股
[tse] 2466 (冠西電, 234/156334) : 光電業,光纖產品指標,光纖被動元件指標
[tse] 2467 (志聖, 223/149205) : 電子零組件業,儀器設備工程,設備儀器廠商指標
[tse] 2468 (華經, 104/69961) : 資訊服務業,TSE-資訊服務
[tse] 2471 (資通, 70/47253) : 資訊服務業,TSE-資訊服務
[tse] 2472 (立隆電, 193/129219) : 電子零組件業,被動元件,被動元件指標,被動元件-上游鋁箔
[tse] 2474 (可成, 1155/770391) : 其他電子業,機殼,TSE-電子,TSE-其他電子,機殼指標,鋁鎂合金指標,TESLA
[tse] 2476 (鉅祥, 277/184968) : 電子零組件業,模具沖壓指標
[tse] 2477 (美隆電, 297/198216) : 其他電子業,音響設備及零件指標
[tse] 2478 (大毅, 217/144767) : 電子零組件業,被動元件,被動元件指標
[tse] 2480 (敦陽科, 159/106360) : 資訊服務業,軟體系統整合*,TSE-資訊服務,軟體指標
[tse] 2481 (強茂, 499/332814) : 半導體業,LED及光元件,分離式元件指標,車用電子指標
[tse] 2482 (連宇, 93/62072) : 其他電子業
[tse] 2483 (百容, 165/110618) : 電子零組件業,模具沖壓指標
[tse] 2484 (希華, 239/159421) : 電子零組件業,被動元件,石英元件指標,被動元件指標
[tse] 2485 (兆赫, 476/317689) : 通信網路業,通訊設備,TSE-網路通信,視訊轉換相關指標
[tse] 2486 (一詮, 302/201958) : 光電業,LED指標,導線架
[tse] 2488 (漢平, 119/79999) : 其他電子業,消費電子*,音響設備及零件指標
[tse] 2489 (瑞軒, 1214/809362) : 光電業,顯示器*,TSE-光電,電子代工指標,顯示器指標
[tse] 2491 (吉祥全, 123/82008) : 光電業
[tse] 2492 (華新科, 728/485800) : 電子零組件業,被動元件,TSE-電子零組件,MLCC指標,被動元件指標,LTCC,華新集團
[tse] 2493 (揚博, 171/114437) : 電子零組件業,儀器設備工程,設備儀器廠商指標
[tse] 2495 (普安, 414/276287) : 其他電子業,磁碟陣列指標
[tse] 2496 (卓越, 26/17459) : 其他,光纖產品指標,服務業指標
[tse] 2497 (怡利電, 178/118798) : 汽車工業,車用電子指標
[tse] 2498 (宏達電, 1228/818804) : 通信網路業,消費電子*,TSE-網路通信,手機股指標
[tse] 2499 (東貝, 691/461172) : 光電業,LED及光元件,LED指標
[tse] 2501 (國建, 1739/1159561) : 建材營造,營建,TSE-建材營造,營件指標
[tse] 2504 (國產, 2068/1378809) : 建材營造,營建,TSE-建材營造,水泥指標
[tse] 2505 (國揚, 1044/696582) : 建材營造,TSE-建材營造,營件指標
[tse] 2506 (太設, 580/387000) : 建材營造
[tse] 2509 (全坤建, 306/204136) : 建材營造
[tse] 2511 (太子, 2434/1623326) : 建材營造,營建,TSE-建材營造,營造指標,飯店指標
[tse] 2514 (龍邦, 592/394729) : 其他,飯店指標
[tse] 2515 (中工, 2296/1530899) : 建材營造,營建,TSE-建材營造,營造指標
[tse] 2516 (新建, 339/226278) : 建材營造,營造指標
[tse] 2520 (冠德, 755/503791) : 建材營造,營建,TSE-建材營造,營件指標,營造指標
[tse] 2524 (京城, 562/374846) : 建材營造,營建,TSE-建材營造,營件指標
[tse] 2527 (宏璟, 405/270306) : 建材營造,營件指標
[tse] 2528 (皇普, 415/277085) : 建材營造
[tse] 2530 (華建, 406/270752) : 建材營造
[tse] 2534 (宏盛, 889/592784) : 建材營造,營建,TSE-建材營造,營件指標
[tse] 2535 (達欣工, 479/319461) : 建材營造,營建,營造指標,台積概念股
[tse] 2536 (宏普, 499/332808) : 建材營造
[tse] 2537 (聯上發, 450/300557) : 建材營造
[tse] 2538 (基泰, 657/438448) : 建材營造,營建
[tse] 2539 (櫻花建, 698/465750) : 建材營造,TSE-建材營造,營件指標
[tse] 2540 (愛山林, 219/146600) : 建材營造,服務業指標
[tse] 2542 (興富發, 1749/1166628) : 建材營造,營建,TSE-建材營造,營件指標
[tse] 2543 (皇昌, 362/241983) : 建材營造,營造指標
[tse] 2545 (皇翔, 491/327734) : 建材營造,營建,TSE-建材營造,營件指標
[tse] 2546 (根基, 159/106035) : 建材營造,營建,營造指標
[tse] 2547 (日勝生, 1350/900094) : 建材營造,營建,TSE-建材營造,營件指標
[tse] 2548 (華固, 415/276812) : 建材營造,營建,TSE-建材營造,營件指標
[otc] 2596 (綠意, 150/100000) : 建材營造,OTC-建材營造
[tse] 2597 (潤弘, 202/135000) : 建材營造,營建,建材指標,營件指標,營造指標
[tse] 2601 (益航, 946/630883) : 貿易百貨,百貨*,TSE-貿易百貨,散裝航運指標,觀光百貨指標
[tse] 2603 (長榮, 7219/4812973) : 航運業,航運,TSE-航運,貨櫃航運指標
[tse] 2605 (新興, 878/585353) : 航運業,航運,TSE-航運,散裝航運指標
[tse] 2606 (裕民, 1267/845055) : 航運業,航運,TSE-航運,散裝航運指標
[tse] 2607 (榮運, 1600/1067141) : 航運業,航運,TSE-航運,陸運指標
[tse] 2608 (嘉里大榮, 700/467000) : 航運業,TSE-航運,陸運指標
[tse] 2609 (陽明, 3902/2601335) : 航運業,航運,TSE-航運,貨櫃航運指標
[tse] 2610 (華航, 8131/5420984) : 航運業,航運,TSE-航運,航空指標
[tse] 2611 (志信, 259/172994) : 航運業,陸運指標
[tse] 2612 (中航, 296/197484) : 航運業,航運,TSE-航運,散裝航運指標,陸運指標
[tse] 2613 (中櫃, 222/148423) : 航運業,航運,貨櫃航運指標
[tse] 2614 (東森, 835/556789) : 貿易百貨,網路相關*,TSE-貿易百貨,電子商務指標,貨櫃航運指標,散裝航運指標
[tse] 2615 (萬海, 3327/2218297) : 航運業,航運,TSE-航運,貨櫃航運指標
[tse] 2616 (山隆, 205/137281) : 油電燃氣業,TSE-電油燃氣,油電燃氣指標,陸運指標
[tse] 2617 (台航, 625/417294) : 航運業,航運,TSE-航運,散裝航運指標
[tse] 2618 (長榮航, 7280/4853569) : 航運業,航運,TSE-航運,航空指標,中概股指標
[tse] 2630 (亞航, 180/120120) : 航運業,TSE-航運,飛機零組件指標
[tse] 2633 (台灣高鐵, 8442/5628293) : 航運業,航運,TSE-航運
[tse] 2634 (漢翔, 1412/941867) : 航運業,飛機零組件,TSE-航運,飛機零組件指標
[tse] 2636 (台驊投控, 175/117157) : 航運業,航運,TSE-航運,航空指標,貨櫃航運指標
[tse] 2637 (慧洋-KY, 1093/729155) : 航運業,航運,TSE-航運,散裝航運指標
[otc] 2640 (大車隊, 80/53755) : 其他,OTC-其他
[otc] 2641 (正德, 226/151124) : 航運業,OTC-航運,散裝航運指標
[tse] 2642 (宅配通, 143/95467) : 航運業,TSE-航運,陸運指標
[otc] 2643 (捷迅, 45/30000) : 航運業,OTC-航運,航空指標
[tse] 2701 (萬企, 674/449967) : 觀光事業,TSE-觀光,務業租貸指標,觀光百貨指標
[tse] 2702 (華園, 165/110485) : 觀光事業,觀光,TSE-觀光,飯店指標
[tse] 2704 (國賓, 550/366923) : 觀光事業,觀光,TSE-觀光,觀光百貨指標,飯店指標
[tse] 2705 (六福, 279/186536) : 觀光事業,TSE-觀光,飯店指標
[tse] 2706 (第一店, 749/499998) : 觀光事業,TSE-觀光,務業租貸指標,飯店指標
[tse] 2707 (晶華, 191/127401) : 觀光事業,觀光,TSE-觀光,觀光百貨指標,飯店指標
[tse] 2712 (遠雄來, 157/105000) : 觀光事業,TSE-觀光,觀光百貨指標,飯店指標
[otc] 2718 (晶悅, 63/42576) : 觀光事業,OTC-觀光,飯店指標
[otc] 2719 (燦星旅, 27/18272) : 觀光事業,OTC-觀光
[tse] 2722 (夏都, 167/111522) : 觀光事業,TSE-觀光,觀光百貨指標,飯店指標
[tse] 2723 (美食-KY, 270/180000) : 觀光事業,觀光,TSE-觀光,餐飲指標
[otc] 2724 (富驛-KY, 102/68172) : 觀光事業
[otc] 2726 (雅茗-KY, 52/34859) : 觀光事業,OTC-觀光,餐飲指標
[tse] 2727 (王品, 115/76987) : 觀光事業,觀光,TSE-觀光,餐飲指標
[otc] 2729 (瓦城, 34/23266) : 觀光事業,觀光,OTC-觀光,餐飲指標
[tse] 2731 (雄獅, 105/70000) : 觀光事業,觀光,TSE-觀光,觀光百貨指標
[otc] 2732 (六角, 60/40633) : 觀光事業,觀光,OTC-觀光,餐飲指標
[otc] 2734 (易飛網, 45/30259) : 觀光事業,OTC-觀光,電子商務指標
[otc] 2736 (高野, 73/48992) : 觀光事業,OTC-觀光,飯店指標
[tse] 2739 (寒舍, 167/111526) : 觀光事業,TSE-觀光,飯店指標
[otc] 2740 (天蔥, 18/12397) : 觀光事業,OTC-觀光,餐飲指標
[otc] 2743 (山富, 48/32031) : 觀光事業
[otc] 2745 (五福, 43/29308) : 觀光事業,OTC-觀光
[tse] 2748 (雲品, 98/65637) : 觀光事業,TSE-觀光,飯店指標
[otc] 2752 (豆府, 32/21872) : 觀光事業
[tse] 2801 (彰銀, 14977/9985311) : 金融保險業,金融銀行,TSE-金融保險,銀行指標
[tse] 2809 (京城銀, 1681/1121234) : 金融保險業,金融銀行,TSE-金融保險,銀行指標
[tse] 2812 (台中銀, 5563/3708834) : 金融保險業,金融銀行,TSE-金融保險,銀行指標
[tse] 2816 (旺旺保, 319/212960) : 金融保險業,金融保險,保險指標
[tse] 2820 (華票, 2014/1342960) : 金融保險業,金融銀行,金融其他指標
[tse] 2823 (中壽, 6695/4463582) : 金融保險業,金融保險,TSE-金融保險,保險指標
[tse] 2832 (台產, 543/362200) : 金融保險業,保險指標
[tse] 2834 (臺企銀, 10697/7131984) : 金融保險業,金融銀行,TSE-金融保險,銀行指標
[tse] 2836 (高雄銀, 1621/1080916) : 金融保險業,銀行指標
[tse] 2838 (聯邦銀, 4326/2884455) : 金融保險業,金融銀行,銀行指標
[tse] 2841 (台開, 1141/760943) : 建材營造,營建
[tse] 2845 (遠東銀, 5033/3355819) : 金融保險業,金融銀行,TSE-金融保險,銀行指標
[tse] 2849 (安泰銀, 2936/1957910) : 金融保險業,銀行指標
[tse] 2850 (新產, 473/315963) : 金融保險業,金融保險,保險指標
[tse] 2851 (中再保, 885/590388) : 金融保險業,保險指標
[tse] 2852 (第一保, 451/301163) : 金融保險業,保險指標
[tse] 2855 (統一證, 2058/1372390) : 金融保險業,金融證券,證券指標
[tse] 2867 (三商壽, 3557/2371971) : 金融保險業,金融保險,保險指標
[tse] 2880 (華南金, 18259/12172740) : 金融保險業,金融金控,TSE-金融保險,金控指標
[tse] 2881 (富邦金, 15350/10233603) : 金融保險業,金融金控,TSE-金融保險,金控指標
[tse] 2882 (國泰金, 19753/13169210) : 金融保險業,金融金控,TSE-金融保險,金控指標
[tse] 2883 (開發金, 22456/14971097) : 金融保險業,金融金控,TSE-金融保險,金控指標
[tse] 2884 (玉山金, 17429/11619500) : 金融保險業,金融金控,TSE-金融保險,金控指標
[tse] 2885 (元大金, 17505/11670611) : 金融保險業,金融金控,TSE-金融保險,金控指標
[tse] 2886 (兆豐金, 20399/13599823) : 金融保險業,金融金控,TSE-金融保險,金控指標
[tse] 2887 (台新金, 15990/10660079) : 金融保險業,金融金控,TSE-金融保險,金控指標
[tse] 2888 (新光金, 19530/13020394) : 金融保險業,金融金控,TSE-金融保險,金控指標
[tse] 2889 (國票金, 4272/2848064) : 金融保險業,金融金控,金控指標,金融其他指標
[tse] 2890 (永豐金, 16906/11271054) : 金融保險業,金融金控,TSE-金融保險,金控指標
[tse] 2891 (中信金, 29245/19496989) : 金融保險業,金融金控,TSE-金融保險,金控指標
[tse] 2892 (第一金, 18692/12461942) : 金融保險業,金融金控,TSE-金融保險,金控指標
[tse] 2897 (王道銀行, 3619/2413006) : 金融保險業,銀行指標
[tse] 2901 (欣欣, 109/73043) : 貿易百貨,TSE-貿易百貨
[tse] 2903 (遠百, 2125/1416940) : 貿易百貨,百貨*,TSE-貿易百貨,觀光百貨指標
[tse] 2904 (匯僑, 103/69034) : 其他,油電燃氣指標
[tse] 2905 (三商, 1240/826682) : 貿易百貨,百貨*,TSE-貿易百貨
[tse] 2906 (高林, 313/209111) : 貿易百貨,TSE-貿易百貨
[tse] 2908 (特力, 764/509887) : 貿易百貨,百貨*,TSE-貿易百貨,觀光百貨指標
[tse] 2910 (統領, 313/208725) : 貿易百貨,TSE-貿易百貨,觀光百貨指標
[tse] 2911 (麗嬰房, 277/184677) : 貿易百貨,TSE-貿易百貨
[tse] 2912 (統一超, 1559/1039622) : 貿易百貨,百貨*,TSE-貿易百貨,觀光百貨指標,中概股指標
[tse] 2913 (農林, 1185/790000) : 貿易百貨,百貨*,TSE-貿易百貨,觀光百貨指標,資產股指標
[tse] 2915 (潤泰全, 847/564860) : 貿易百貨,百貨*,TSE-貿易百貨,觀光百貨指標
[otc] 2916 (滿心, 81/54626) : 貿易百貨,成衣指標
[tse] 2923 (鼎固-KY, 2610/1740296) : 建材營造,TSE-建材營造,營件指標,務業租貸指標
[otc] 2924 (東凌-KY, 49/32805) : 貿易百貨
[otc] 2926 (誠品生活, 71/47389) : 文化創意業,OTC-文化創意,觀光百貨指標,文創產業指標
[otc] 2928 (紅馬-KY, 70/47301) : 觀光事業,OTC-觀光,電子商務指標
[tse] 2929 (淘帝-KY, 142/94955) : 貿易百貨,百貨*,TSE-貿易百貨
[tse] 2936 (客思達-KY, 114/76555) : 貿易百貨,TSE-貿易百貨,家居用品指標
[otc] 2937 (集雅社, 49/32860) : 貿易百貨,家具指標,3C通路指標
[tse] 2939 (凱羿-KY, 68/45748) : 貿易百貨,其他*,TSE-貿易百貨,觀光百貨指標
[tse] 3002 (歐格, 153/102000) : 電腦及週邊設備業
[tse] 3003 (健和興, 233/155654) : 電子零組件業,連接元件,連接器指標,TESLA
[tse] 3004 (豐達科, 78/52647) : 鋼鐵工業,飛機零組件,TSE-鋼鐵,飛機零組件指標,線材盤元指標,TESLA
[tse] 3005 (神基, 876/584011) : 電腦及週邊設備業,筆記型電腦*,TSE-電腦與周邊設備,筆記型電腦指標
[tse] 3006 (晶豪科, 428/285758) : 半導體業,DRAM,IC設計指標,利基型記憶體IC指標
[tse] 3008 (大立光, 201/134140) : 光電業,光學鏡頭,TSE-電子,TSE-光電,手機零組件指標,光學鏡頭指標,APPLE
[tse] 3010 (華立, 347/231390) : 電子通路業,IC通路*,TSE-電子通路,其他電子通路指標
[tse] 3011 (今皓, 169/112719) : 電子零組件業,連接元件
[tse] 3013 (晟銘電, 233/155935) : 電腦及週邊設備業,機殼,機殼指標,APPLE
[tse] 3014 (聯陽, 241/161080) : 半導體業,IC設計
[tse] 3015 (全漢, 280/187261) : 電子零組件業,電源供應器,電源相關指標,無線充電指標
[tse] 3016 (嘉晶, 411/274401) : 半導體業,矽晶圓,半導體指標
[tse] 3017 (奇鋐, 529/353310) : 電腦及週邊設備業,散熱模組,散熱模組指標
[tse] 3018 (同開, 110/73512) : 其他電子業,儀器設備工程,無塵室工程指標
[tse] 3019 (亞光, 421/281083) : 光電業,光學鏡頭,TSE-光電,光學鏡頭指標
[tse] 3021 (鴻名, 141/94000) : 電子零組件業,軟體指標,連接線材指標
[tse] 3022 (威強電, 265/177289) : 電腦及週邊設備業,工業電腦,工業電腦指標,電腦版卡顯示,雲端指標
[tse] 3023 (信邦, 349/232777) : 電子零組件業,連接元件,TSE-電子零組件,連接線材指標,連接器指標,TESLA
[tse] 3024 (憶聲, 415/277157) : 光電業,家具指標
[tse] 3025 (星通, 106/70920) : 通信網路業,通訊設備,電信設備指標
[tse] 3026 (禾伸堂, 236/157990) : 電子零組件業,被動元件,TSE-電子零組件,MLCC指標,被動元件指標
[tse] 3027 (盛達, 148/98856) : 通信網路業,接取設備指標
[tse] 3028 (增你強, 320/213824) : 電子通路業,IC通路*,TSE-電子通路,IC零組件通路商指標
[tse] 3029 (零壹, 187/124846) : 資訊服務業,軟體系統整合*,TSE-資訊服務,軟體指標
[tse] 3030 (德律, 354/236216) : 其他電子業,儀器設備工程,TSE-其他電子,設備儀器廠商指標
[tse] 3031 (佰鴻, 280/186674) : 光電業,LED指標,mini_led
[tse] 3032 (偉訓, 169/113285) : 電子零組件業,電源相關指標,機殼指標
[tse] 3033 (威健, 551/367751) : 電子通路業,IC通路*,TSE-電子通路,IC零組件通路商指標
[tse] 3034 (聯詠, 912/608511) : 半導體業,IC設計,TSE-半導體,IC設計指標,手機零組件指標
[tse] 3035 (智原, 372/248550) : 半導體業,IC設計,IC設計指標,比特幣概念股,IC設計ASIC,mini_led
[tse] 3036 (文曄, 1145/763604) : 電子通路業,IC通路*,TSE-電子通路,IC零組件通路商指標
[tse] 3037 (欣興, 2257/1504732) : 電子零組件業,PCB製造,TSE-電子零組件,IC基板硬板指標,手機零組件指標,印刷電路指標,﻿黃金概念股,PCB_ABF,AMD,伺服器概念股
[tse] 3038 (全台, 243/162407) : 光電業,LCDSTN面板,TNSTN指標
[tse] 3040 (遠見, 94/63000) : 其他,手持式設備指標,務業租貸指標
[tse] 3041 (揚智, 288/192539) : 半導體業,被動元件,IC設計,AMD
[tse] 3042 (晶技, 464/309757) : 電子零組件業,石英元件指標,被動元件指標
[tse] 3043 (科風, 292/194878) : 其他電子業
[tse] 3044 (健鼎, 788/525605) : 電子零組件業,PCB製造,TSE-電子零組件,印刷電路指標
[tse] 3045 (台灣大, 5264/3509376) : 通信網路業,電信服務*,TSE-電子,TSE-網路通信,電信股指標,雲端指標
[tse] 3046 (建碁, 107/71448) : 電腦及週邊設備業,顯示器指標
[tse] 3047 (訊舟, 279/186491) : 通信網路業,網通,無線網路指標
[tse] 3048 (益登, 333/222572) : 電子通路業,IC通路*,TSE-電子通路,IC零組件通路商指標
[tse] 3049 (和鑫, 1210/806948) : 光電業,觸控面板,觸控面板指標
[tse] 3050 (鈺德, 218/145984) : 光電業,光碟指標,錸德集團
[tse] 3051 (力特, 487/325332) : 光電業
[tse] 3052 (夆典, 343/228713) : 建材營造,營造指標
[tse] 3054 (立萬利, 131/87848) : 半導體業,記憶體模組指標,周邊產品指標
[tse] 3055 (蔚華科, 153/102441) : 電子通路業,TSE-電子通路
[tse] 3056 (總太, 313/209287) : 建材營造,營建
[tse] 3057 (喬鼎, 242/161409) : 電腦及週邊設備業,磁碟陣列指標
[tse] 3058 (立德, 247/164937) : 電子零組件業,電源相關指標
[tse] 3059 (華晶科, 419/279633) : 光電業,光學鏡頭,電子代工指標
[tse] 3060 (銘異, 206/137563) : 電腦及週邊設備業,其他*,周邊產品指標
[tse] 3062 (建漢, 492/328605) : 通信網路業,網通,TSE-網路通信,無線網路指標,網路通訊指標
[otc] 3064 (泰偉, 126/84105) : 文化創意業,OTC-文化創意,遊戲相關指標,文創產業指標
[otc] 3066 (李洲, 124/83070) : 光電業
[otc] 3067 (全域, 43/29025) : 其他電子業,音響設備及零件指標
[otc] 3071 (協禧, 165/110000) : 電腦及週邊設備業,散熱模組,OTC-電腦與周邊設備,散熱模組指標,TESLA,車用散熱
[otc] 3073 (天方能源, 37/24743) : 半導體業
[otc] 3078 (僑威, 341/227391) : 電子零組件業,電源供應器,OTC-電子零組件,電源相關指標,無線充電指標
[otc] 3081 (聯亞, 136/90932) : 通信網路業,通訊設備,OTC-電子,OTC-通信網路,光通訊
[otc] 3083 (網龍, 128/85704) : 文化創意業,遊戲,OTC-文化創意,遊戲相關指標,文創產業指標
[otc] 3085 (新零售, 46/31038) : 電子商務,OTC-資訊服務,Internet相關指標,電子商務指標
[otc] 3086 (華義, 20/13417) : 文化創意業,OTC-文化創意,遊戲相關指標,文創產業指標
[otc] 3088 (艾訊, 122/81900) : 電腦及週邊設備業,工業電腦,OTC-電腦與周邊設備,工業電腦指標,電腦版卡顯示
[otc] 3089 (元炬, 90/60113) : 電子零組件業
[tse] 3090 (日電貿, 267/178657) : 電子零組件業,被動元件,被動元件指標,被動元件-通路商
[otc] 3092 (鴻碩, 111/74562) : 電子零組件業,連接元件,連接線材指標,TESLA
[otc] 3093 (港建, 54/36288) : 其他電子業
[tse] 3094 (聯傑, 126/84655) : 半導體業,IC設計
[otc] 3095 (及成, 163/109276) : 通信網路業
[otc] 3105 (穩懋, 636/424056) : 半導體業,砷化鎵,OTC-電子,OTC-半導體,砷化鎵相關指標,WIFI6,APPLE
[otc] 3114 (好德, 84/56000) : 電子零組件業,IC通路*,其他電子通路指標
[otc] 3115 (寶島極, 65/43697) : 電子零組件業,印刷電路板上游
[otc] 3118 (進階, 48/32452) : 生技醫療業,生物科技指標
[otc] 3122 (笙泉, 57/38299) : 半導體業
[otc] 3128 (昇銳, 63/42000) : 光電業,安全監控*,安全監控系統指標
[tse] 3130 (一零四, 49/33190) : 資訊服務業,TSE-資訊服務,服務業指標
[otc] 3131 (弘塑, 43/29216) : 其他電子業,OTC-其他電子,台積概念股
[otc] 3141 (晶宏, 95/63917) : 半導體業,IC設計
[otc] 3144 (新揚科, 150/100637) : 電子零組件業,PCB製造,軟板指標,TWS概念股
[otc] 3147 (大綜, 51/34006) : 資訊服務業,軟體系統整合*,OTC-資訊服務
[tse] 3149 (正達, 309/206393) : 光電業,LCD零組件,TFT面板指標
[otc] 3152 (璟德, 103/69016) : 通信網路業,通訊設備,OTC-電子,OTC-通信網路,網路通訊指標,LTCC
[otc] 3162 (精確, 189/126531) : 電機機械,OTC-電機機械,自行車指標
[otc] 3163 (波若威, 112/75286) : 通信網路業,通訊設備,OTC-通信網路,光纖產品指標,光纖被動元件指標
[tse] 3164 (景岳, 133/88934) : 生技醫療業,保健品指標
[tse] 3167 (大量, 120/80134) : 電機機械,電機,設備儀器廠商指標
[otc] 3169 (亞信, 74/49581) : 半導體業,IC設計
[otc] 3171 (新洲, 88/59203) : 貿易百貨,塑膠製品指標
[otc] 3176 (基亞, 208/138985) : 生技醫療業,生技製藥,OTC-生技醫療,西藥製藥指標
[otc] 3178 (公準, 67/45050) : 電機機械,模具沖壓指標
[otc] 3188 (鑫龍騰, 180/120295) : 建材營造,OTC-建材營造
[tse] 3189 (景碩, 676/450915) : 半導體業,PCB製造,TSE-半導體,IC基板硬板指標,PCB_ABF
[otc] 3191 (和進, 85/57194) : 電子零組件業,變壓器指標
[otc] 3202 (樺晟, 175/117164) : 電子零組件業,連接元件,連接線材指標,風電概念
[otc] 3205 (佰研, 49/32772) : 生技醫療業,生計保健食品與美妝品,保健品指標
[otc] 3206 (志豐, 80/53916) : 電子零組件業,NB與手機零組件
[otc] 3207 (耀勝, 65/43770) : 電子零組件業,變壓器指標
[tse] 3209 (全科, 270/180478) : 電子通路業,TSE-電子通路,IC零組件通路商指標
[otc] 3211 (順達, 221/147480) : 電腦及週邊設備業,電池相關,OTC-電腦與周邊設備,電池相關指標
[otc] 3213 (茂訊, 88/58685) : 電腦及週邊設備業,OTC-電腦與周邊設備,3C通路指標,筆記型電腦指標
[otc] 3217 (優群, 123/82104) : 電子零組件業,連接元件,連接器指標
[otc] 3218 (大學光, 114/76123) : 生技醫療業,生技醫療器材與服務,醫療服務指標
[otc] 3219 (倚強, 52/34983) : 半導體業,其他電子通路指標
[otc] 3221 (台嘉碩, 153/102322) : 通信網路業,被動元件,OTC-通信網路,石英元件指標
[otc] 3224 (三顧, 87/58016) : 電子通路業,IC通路*,OTC-電子通路,IC零組件通路商指標
[otc] 3226 (至寶電, 96/64430) : 電機機械,OTC-電機機械,汽車零組件指標
[otc] 3227 (原相, 209/139396) : 半導體業,IC設計,OTC-半導體,IC設計指標,車用電子指標,CMOS影像感測器
[otc] 3228 (金麗科, 101/67792) : 半導體業
[tse] 3229 (晟鈦, 140/93515) : 電子零組件業
[otc] 3230 (錦明, 161/107746) : 光電業,模具沖壓指標
[tse] 3231 (緯創, 4260/2840612) : 電腦及週邊設備業,筆記型電腦*,TSE-電腦與周邊設備,筆記型電腦指標,電子代工指標,雲端指標
[otc] 3232 (昱捷, 54/36567) : 電子通路業,OTC-電子通路,IC零組件通路商指標
[otc] 3234 (光環, 113/75988) : 通信網路業,網通,OTC-通信網路,光纖產品指標,光纖次模組封裝指標
[otc] 3236 (千如, 139/92920) : 電子零組件業,被動元件
[otc] 3252 (海灣, 75/50195) : 觀光事業,OTC-觀光,飯店指標
[tse] 3257 (虹冠電, 104/69380) : 半導體業,IC設計,類比IC指標
[otc] 3259 (鑫創, 121/80859) : 半導體業
[otc] 3260 (威剛, 341/227518) : 半導體業,DRAM,OTC-半導體,記憶體模組指標,無線充電指標
[otc] 3264 (欣銓, 735/490259) : 半導體業,Ic封測,OTC-電子,OTC-半導體,IC封測指標,台積概念股
[otc] 3265 (台星科, 204/136261) : 半導體業,Ic封測
[tse] 3266 (昇陽, 528/352314) : 建材營造
[otc] 3268 (海德威, 50/33426) : 半導體業
[otc] 3272 (東碩, 78/52264) : 電腦及週邊設備業,NB與手機零組件,OTC-電腦與周邊設備,周邊產品指標
[otc] 3276 (宇環, 104/69712) : 電子零組件業
[otc] 3284 (太普高, 83/55961) : 其他,傳播出版印刷指標
[otc] 3285 (微端, 66/44109) : 其他電子業
[otc] 3287 (廣寰科, 65/43970) : 電腦及週邊設備業,視訊轉換相關指標
[otc] 3288 (點晶, 33/22660) : 電子零組件業,類比IC指標
[otc] 3289 (宜特, 140/93575) : 其他電子業,Ic封測,OTC-其他電子,電子相關驗證指標,台積概念股
[otc] 3290 (東浦, 149/99548) : 電子零組件業,OTC-通信網路,模具沖壓指標
[otc] 3293 (鈊象, 105/70450) : 文化創意業,遊戲,OTC-文化創意,遊戲相關指標,文創產業指標
[otc] 3294 (英濟, 198/132015) : 電子零組件業,模具沖壓指標
[tse] 3296 (勝德, 147/98224) : 電子零組件業,電源相關指標,無線充電指標
[otc] 3297 (杭特, 55/36839) : 光電業,安全監控系統指標
[otc] 3303 (岱稜, 144/96089) : 其他電子業,其他*,電子化工材料指標
[tse] 3305 (昇貿, 177/118265) : 其他電子業,印刷電路板上游
[otc] 3306 (鼎天, 75/50607) : 通信網路業,GPS指標
[tse] 3308 (聯德, 147/98569) : 電子零組件業
[otc] 3310 (佳穎, 75/50225) : 電子零組件業,模具沖壓指標
[tse] 3311 (閎暉, 90/60000) : 通信網路業,NB與手機零組件,手機零組件指標
[tse] 3312 (弘憶股, 177/118032) : 電子通路業,IC通路*,TSE-電子通路,IC零組件通路商指標
[otc] 3313 (斐成, 148/98770) : 電子零組件業,被動元件,大宗物資指標
[otc] 3317 (尼克森, 91/61251) : 半導體業,LED及光元件,分離式元件指標,MOSFET
[tse] 3321 (同泰, 189/126144) : 電子零組件業,PCB製造,軟板指標
[otc] 3322 (建舜電, 144/96651) : 電子零組件業,連接元件,連接線材指標
[otc] 3323 (加百裕, 124/83305) : 電腦及週邊設備業,電池相關,OTC-電腦與周邊設備,電池相關指標
[otc] 3324 (雙鴻, 129/86545) : 其他電子業,散熱模組,OTC-其他電子,散熱模組指標,APPLE,伺服器概念股
[otc] 3325 (旭品, 111/74634) : 電腦及週邊設備業,機殼指標
[otc] 3332 (幸康, 72/48104) : 電子零組件業,電源相關指標
[tse] 3338 (泰碩, 130/87258) : 電子零組件業,散熱模組,連接器指標,散熱模組指標
[otc] 3339 (泰谷, 144/96181) : 光電業
[tse] 3346 (麗清, 113/75784) : 汽車工業,LED及光元件,LED指標
[otc] 3354 (律勝, 105/70112) : 電子零組件業,軟板指標
[tse] 3356 (奇偶, 134/89847) : 光電業,安全監控*,安全監控系統指標
[otc] 3360 (尚立, 103/68831) : 電子通路業,IC通路*,OTC-電子通路,IC零組件通路商指標
[otc] 3362 (先進光, 167/111545) : 光電業,光學鏡頭,OTC-光電,光學鏡頭指標
[otc] 3363 (上詮, 135/90595) : 通信網路業,通訊設備,OTC-通信網路,光纖產品指標,光纖被動元件指標
[otc] 3372 (典範, 258/172100) : 半導體業
[otc] 3373 (熱映, 64/43289) : 其他電子業
[otc] 3374 (精材, 407/271364) : 半導體業,Ic封測,OTC-半導體,IC封測指標,台積概念股,CMOS影像感測器
[tse] 3376 (新日興, 272/181754) : 電子零組件業,NB與手機零組件,TSE-電子零組件,樞紐指標
[otc] 3379 (彬台, 57/38041) : 電機機械,產業機械指標
[tse] 3380 (明泰, 813/542247) : 通信網路業,網通,TSE-網路通信,無線網路指標,電子代工指標,網路通訊指標
[tse] 3383 (新世紀, 105/70000) : 光電業
[otc] 3388 (崇越電, 111/74061) : 電子零組件業,IC通路*,OTC-電子零組件,其他電子通路指標
[otc] 3390 (旭軟, 101/67505) : 電子零組件業,PCB製造,軟板指標
[otc] 3402 (漢科, 109/73047) : 其他電子業,儀器設備工程,OTC-其他電子,無塵室工程指標,台積概念股
[tse] 3406 (玉晶光, 167/111459) : 光電業,光學鏡頭,TSE-光電,手機零組件指標,光學鏡頭指標,APPLE
[tse] 3413 (京鼎, 124/82709) : 半導體業,儀器設備工程,設備儀器廠商指標
[tse] 3416 (融程電, 108/72187) : 電腦及週邊設備業,工業電腦指標
[tse] 3419 (譁裕, 180/120480) : 通信網路業,網通,光纖產品指標,光纖被動元件指標
[otc] 3426 (台興, 39/26400) : 電機機械,重電業指標
[tse] 3432 (台端, 99/66586) : 電子零組件業
[otc] 3434 (哲固, 34/22700) : 光電業,安全監控系統指標
[tse] 3437 (榮創, 216/144548) : 光電業,LED及光元件,LED指標,mini_led
[otc] 3438 (類比科, 101/67379) : 半導體業,類比IC指標
[otc] 3441 (聯一光, 60/40039) : 光電業,光學鏡頭,光學鏡頭指標
[tse] 3443 (創意, 201/134011) : 半導體業,IC設計,TSE-半導體,IC設計指標,IC設計ASIC
[otc] 3444 (利機, 58/39114) : 電子通路業,OTC-電子通路,其他電子通路指標
[tse] 3450 (聯鈞, 218/145681) : 其他電子業,LED及光元件,TSE-其他電子,IC封測指標,光纖產品指標,光收發模組指標
[tse] 3454 (晶睿, 130/87033) : 光電業,安全監控*,TSE-光電,安全監控系統指標
[otc] 3455 (由田, 92/61468) : 光電業,儀器設備工程,OTC-光電,設備儀器廠商指標
[otc] 3465 (進泰電子, 48/32160) : 電子零組件業,無線充電指標
[otc] 3466 (致振, 91/60887) : 通信網路業,視訊轉換相關指標
[otc] 3479 (安勤, 105/70194) : 電腦及週邊設備業,工業電腦,OTC-電腦與周邊設備,工業電腦指標
[tse] 3481 (群創, 14566/9711071) : 光電業,LCDTFT面板,TSE-電子,TSE-光電,TFT面板指標,手機零組件指標,APPLE
[otc] 3483 (力致, 91/61027) : 電腦及週邊設備業,散熱模組,散熱模組指標
[otc] 3484 (崧騰, 104/69736) : 電子零組件業,電源相關指標,車用散熱
[otc] 3489 (森寶, 124/83130) : 建材營造,營造指標
[otc] 3490 (單井, 85/57006) : 光電業
[otc] 3491 (昇達科, 91/60863) : 通信網路業,通訊設備,OTC-通信網路,網路通訊指標
[otc] 3492 (長盛, 53/35531) : 電子零組件業
[tse] 3494 (誠研, 269/179450) : 電腦及週邊設備業
[otc] 3498 (陽程, 96/64173) : 其他電子業,OTC-其他電子,機器人指標
[otc] 3499 (環天科, 82/54970) : 通信網路業,通訊設備,GPS指標
[tse] 3501 (維熹, 177/118257) : 電子零組件業,連接元件,連接線材指標,TESLA
[tse] 3504 (揚明光, 171/114059) : 光電業,光學鏡頭,TSE-光電,投影機相關指標
[otc] 3508 (位速, 153/102267) : 其他電子業,NB與手機零組件,OTC-其他電子,手機零組件指標,機殼指標
[otc] 3511 (矽瑪, 119/79972) : 電子零組件業,連接元件
[otc] 3512 (皇龍, 106/71000) : 電子零組件業,散熱模組指標
[tse] 3515 (華擎, 180/120642) : 電腦及週邊設備業,主機板*,電腦版卡顯示,AMD,伺服器概念股
[otc] 3516 (亞帝歐, 75/50590) : 光電業
[tse] 3518 (柏騰, 121/80752) : 其他電子業,機殼指標
[otc] 3520 (華盈, 73/48846) : 電子零組件業
[otc] 3521 (鴻翊, 70/46730) : 電腦及週邊設備業
[otc] 3522 (御頂, 108/72600) : 觀光事業,汽車零組件,OTC-光電,餐飲指標
[otc] 3523 (迎輝, 141/94049) : 光電業
[otc] 3526 (凡甲, 108/72047) : 電子零組件業,連接元件,OTC-電子零組件,連接器指標
[otc] 3527 (聚積, 61/40945) : 半導體業,IC設計,mini_led
[tse] 3528 (安馳, 98/65615) : 電子通路業,TSE-電子通路,IC零組件通路商指標
[otc] 3529 (力旺, 113/75833) : 半導體業,IC設計,OTC-電子,OTC-半導體,IC設計指標
[tse] 3530 (晶相光, 117/78105) : 半導體業,IC設計,CMOS影像感測器
[otc] 3531 (先益, 91/61175) : 光電業,背光板指標
[tse] 3532 (台勝科, 581/387848) : 半導體業,矽晶圓,TSE-半導體,半導體指標,台積概念股
[tse] 3533 (嘉澤, 155/103477) : 電子零組件業,連接元件,TSE-電子零組件,連接器指標,AMD
[tse] 3535 (晶彩科, 118/79052) : 光電業,儀器設備工程
[tse] 3536 (誠創, 160/106800) : 半導體業,分離式元件指標
[otc] 3537 (堡達, 73/48695) : 電子零組件業,被動元件
[otc] 3540 (曜越, 99/66613) : 電腦及週邊設備業,機殼,散熱模組,電源相關指標,機殼指標,無線充電指標
[otc] 3541 (西柏, 73/49321) : 其他電子業,消費電子*,OTC-其他電子,視訊轉換相關指標
[tse] 3543 (州巧, 135/90028) : 光電業
[tse] 3545 (敦泰, 449/299906) : 半導體業,IC設計,手機零組件指標
[otc] 3546 (宇峻, 62/41747) : 文化創意業,遊戲,OTC-文化創意,遊戲相關指標,文創產業指標
[otc] 3548 (兆利, 90/60121) : 電子零組件業,NB與手機零組件,OTC-電子零組件,樞紐指標
[tse] 3550 (聯穎, 127/85000) : 電子零組件業,連接元件,連接線材指標
[otc] 3551 (世禾, 85/56774) : 其他電子業,台積概念股
[otc] 3552 (同致, 128/85592) : 其他電子業,OTC-其他電子,車用電子指標,TESLA
[otc] 3555 (重鵬, 53/35550) : 半導體業
[otc] 3556 (禾瑞亞, 89/59468) : 半導體業,IC設計,車用電子指標
[tse] 3557 (嘉威, 108/72300) : 其他,LCD零組件,TFT面板指標
[otc] 3558 (神準, 73/49060) : 通信網路業,網通,OTC-通信網路,無線網路指標,網路通訊指標,WIFI6
[tse] 3563 (牧德, 67/44728) : 光電業,儀器設備工程,OTC-電子,OTC-其他電子,設備儀器廠商指標
[otc] 3564 (其陽, 88/59123) : 通信網路業
[otc] 3567 (逸昌, 51/34127) : 半導體業
[otc] 3570 (大塚, 25/17097) : 資訊服務業,軟體系統整合*,OTC-資訊服務
[tse] 3576 (聯合再生, 3997/2665112) : 光電業,太陽能,TSE-光電,太陽能指標
[otc] 3577 (泓格, 79/52864) : 電腦及週邊設備業,工業電腦指標
[otc] 3580 (友威科, 59/39470) : 其他電子業,儀器設備工程,台積概念股
[otc] 3581 (博磊, 76/51006) : 半導體業
[tse] 3583 (辛耘, 121/81139) : 半導體業,儀器設備工程,設備儀器廠商指標,TWS概念股,台積概念設備廠
[otc] 3587 (閎康, 93/62313) : 其他電子業,Ic封測,OTC-其他電子,電子相關驗證指標,台積概念股
[tse] 3588 (通嘉, 70/46882) : 半導體業,類比IC指標,快充IC
[tse] 3591 (艾笛森, 187/125001) : 光電業,LED指標
[tse] 3593 (力銘, 124/83042) : 電子零組件業
[otc] 3594 (磐儀, 96/64227) : 電腦及週邊設備業,工業電腦
[tse] 3596 (智易, 312/208478) : 通信網路業,網通,TSE-網路通信,無線網路指標,電子代工指標,網路通訊指標,WIFI6
[otc] 3597 (映興, 52/35146) : 電子零組件業
[tse] 3605 (宏致, 183/122395) : 電子零組件業,連接元件,連接線材指標,連接器指標
[tse] 3607 (谷崧, 182/121662) : 電子零組件業,模具製造*,模具沖壓指標
[otc] 3609 (東林, 45/30339) : 電子零組件業
[otc] 3611 (鼎翰, 63/42476) : 電腦及週邊設備業,工業電腦,OTC-電腦與周邊設備,周邊產品指標
[otc] 3615 (安可, 102/68466) : 光電業,LCDTFT面板,觸控面板指標,錸德集團
[tse] 3617 (碩天, 121/80951) : 其他電子業,TSE-其他電子,電源相關指標
[tse] 3622 (洋華, 226/151327) : 光電業,手機零組件指標,觸控面板指標
[otc] 3623 (富晶通, 43/29209) : 光電業,觸控面板指標
[otc] 3624 (光頡, 176/117340) : 電子零組件業,被動元件,OTC-電子零組件,被動元件指標
[otc] 3625 (西勝, 123/82096) : 電腦及週邊設備業,電池相關,電池相關指標
[otc] 3628 (盈正, 67/45000) : 其他電子業,電源相關指標
[otc] 3629 (地心引力, 48/32202) : 文化創意業,觸控面板指標
[otc] 3630 (新鉅科, 277/184913) : 光電業,光學鏡頭,OTC-光電,光學鏡頭指標
[otc] 3631 (晟楠, 119/79920) : 電子零組件業,印刷電路板上游
[otc] 3632 (研勤, 87/58089) : 通信網路業,手持式設備指標,GPS指標,穿戴式裝置指標
[otc] 3642 (駿熠電, 51/34368) : 其他電子業,消費電子*
[tse] 3645 (達邁, 194/129784) : 電子零組件業,PCB製造,軟板指標
[otc] 3646 (艾恩特, 58/39297) : 電子零組件業
[otc] 3652 (精聯, 70/47097) : 電腦及週邊設備業
[tse] 3653 (健策, 181/121025) : 電子零組件業,散熱模組,LED指標,散熱模組指標,AMD
[tse] 3661 (世芯-KY, 91/61326) : 半導體業,IC設計,半導體指標,比特幣概念股,IC設計ASIC
[otc] 3663 (鑫科, 110/73498) : 其他電子業,電子化工材料指標
[otc] 3664 (安瑞-KY, 76/51098) : 通信網路業
[tse] 3665 (貿聯-KY, 195/130517) : 其他電子業,連接元件,TSE-其他電子,連接線材指標,TESLA
[otc] 3666 (光耀, 72/48299) : 光電業
[tse] 3669 (圓展, 139/92919) : 光電業,投影機相關指標
[otc] 3672 (康聯訊, 49/32668) : 通信網路業,光纖產品指標
[tse] 3673 (TPK-KY, 609/406663) : 光電業,觸控面板,TSE-光電,手機零組件指標,觸控面板指標
[otc] 3675 (德微, 66/44428) : 半導體業,分離式元件指標
[tse] 3679 (新至陞, 93/62296) : 電子零組件業,模具沖壓指標
[otc] 3680 (家登, 111/74060) : 半導體業,儀器設備工程,台積概念股
[tse] 3682 (亞太電, 5725/3817196) : 通信網路業,電信服務*,TSE-網路通信,電信股指標,雲端指標
[otc] 3684 (榮昌, 36/24591) : 通信網路業,無線網路指標
[otc] 3685 (元創精密, 119/79990) : 光電業,OTC-光電,TFT面板指標
[tse] 3686 (達能, 170/113513) : 半導體業,太陽能指標
[otc] 3687 (歐買尬, 45/30059) : 電子商務,遊戲,OTC-文化創意,遊戲相關指標
[otc] 3689 (湧德, 104/69675) : 電子零組件業,連接器指標
[otc] 3691 (碩禾, 95/63675) : 光電業,太陽能,OTC-光電,太陽能指標
[otc] 3693 (營邦, 57/38490) : 電腦及週邊設備業,機殼,機殼指標
[tse] 3694 (海華, 225/150441) : 通信網路業,網通,無線網路指標,網路通訊指標
[tse] 3698 (隆達, 772/515036) : 光電業,LED及光元件,LED指標,mini_led
[tse] 3701 (大眾控, 285/190344) : 電腦及週邊設備業
[tse] 3702 (大聯大, 2518/1679056) : 電子通路業,IC通路*,TSE-電子通路,IC零組件通路商指標
[tse] 3703 (欣陸, 1234/823215) : 建材營造,營建,TSE-建材營造,營造指標
[tse] 3704 (合勤控, 661/441177) : 通信網路業,網通,TSE-網路通信,接取設備指標,網路通訊指標
[tse] 3705 (永信, 399/266422) : 生技醫療業,生技製藥,TSE-化學生技醫療,TSE-生技醫療,原料藥指標,西藥製藥指標
[tse] 3706 (神達, 1615/1077282) : 電腦及週邊設備業,網通,TSE-電腦與周邊設備,GPS指標,車用電子指標,穿戴式裝置指標,雲端指標
[otc] 3707 (漢磊, 444/296036) : 半導體業,矽晶圓,OTC-半導體,半導體指標
[tse] 3708 (上緯投控, 140/93504) : 化學工業,化學工業,TSE-化學生技醫療,TSE-化工,化工指標,合成樹酯指標,風電概念
[otc] 3709 (鑫聯大投控, 119/79569) : 電腦及週邊設備業,3C通路指標
[otc] 3710 (連展投控, 310/207290) : 電子零組件業
[tse] 3711 (日月光投控, 6507/4338345) : 半導體業,Ic封測,TSE-電子,TSE-半導體,IC封測指標,電子代工指標,台積概念股
[tse] 3712 (永崴投控, 369/246242) : 電腦及週邊設備業,光學鏡頭
[otc] 3713 (新晶投控, 117/78090) : 光電業
[otc] 4102 (永日, 63/42373) : 生技醫療業,原料藥指標
[tse] 4104 (佳醫, 211/141148) : 生技醫療業,生技醫療器材與服務,TSE-生技醫療,醫療產品指標,醫療器材通路指標,藥品通路指標
[otc] 4105 (東洋, 372/248649) : 生技醫療業,生技製藥,OTC-生技醫療,西藥製藥指標
[tse] 4106 (雃博, 151/100911) : 生技醫療業,醫療產品指標
[otc] 4107 (邦特, 103/69298) : 生技醫療業,生技醫療器材與服務,OTC-生技醫療,醫療產品指標
[tse] 4108 (懷特, 245/163616) : 生技醫療業,生技製藥
[otc] 4109 (加捷生醫, 103/68936) : 生技醫療業,生計保健食品與美妝品,保健品指標
[otc] 4111 (濟生, 85/56982) : 生技醫療業,醫療產品指標
[otc] 4113 (聯上, 316/211138) : 建材營造,營建,OTC-建材營造
[otc] 4114 (健喬, 396/264220) : 生技醫療業,生技製藥,OTC-生技醫療,西藥製藥指標,藥品通路指標
[otc] 4116 (明基醫, 66/44566) : 生技醫療業,生技醫療器材與服務
[tse] 4119 (旭富, 119/79485) : 生技醫療業,生技製藥,TSE-生技醫療,原料藥指標
[otc] 4120 (友華, 130/86747) : 生技醫療業,生技製藥,藥品通路指標
[otc] 4121 (優盛, 109/73316) : 生技醫療業
[otc] 4123 (晟德, 631/421323) : 生技醫療業,生技製藥,OTC-生技醫療,綜合食物指標,西藥製藥指標
[otc] 4126 (太醫, 99/66015) : 生技醫療業,生技醫療器材與服務,醫療產品指標
[otc] 4127 (天良, 68/45760) : 生技醫療業,保健品指標
[otc] 4128 (中天, 638/425342) : 生技醫療業,生計保健食品與美妝品,OTC-生技醫療,保健品指標
[otc] 4129 (聯合, 117/78407) : 生技醫療業,生技醫療器材與服務,醫療產品指標
[otc] 4130 (健亞, 158/105814) : 生技醫療業,生技製藥
[otc] 4131 (晶宇, 72/48291) : 生技醫療業
[tse] 4133 (亞諾法, 90/60553) : 生技醫療業,生物科技指標
[tse] 4137 (麗豐-KY, 119/79492) : 生技醫療業,生計保健食品與美妝品,TSE-化學生技醫療,TSE-生技醫療
[otc] 4138 (曜亞, 45/30000) : 生技醫療業,醫療器材通路指標
[otc] 4139 (馬光-KY, 62/41962) : 生技醫療業,醫療服務指標
[tse] 4141 (龍燈-KY, 262/175018) : 生技醫療業,農藥指標
[tse] 4142 (國光生, 613/408952) : 生技醫療業,生技製藥,TSE-生技醫療
[tse] 4144 (康聯-KY, 115/77139) : 生技醫療業,生技製藥,藥品通路指標
[otc] 4147 (中裕, 378/252198) : 生技醫療業,生技製藥,OTC-生技醫療,西藥製藥指標
[tse] 4148 (全宇生技-KY, 96/64034) : 生技醫療業,化學工業,TSE-生技醫療,生物科技指標
[otc] 4152 (台微體, 111/74188) : 生技醫療業,OTC-生技醫療,西藥製藥指標
[otc] 4153 (鈺緯, 111/74029) : 生技醫療業,顯示器指標
[otc] 4154 (康樂-KY, 36/24326) : 生技醫療業,保健品指標
[tse] 4155 (訊映, 119/79433) : 生技醫療業,醫療產品指標
[otc] 4157 (太景*-KY, 1075/716844) : 生技醫療業,生技製藥,OTC-生技醫療,西藥製藥指標
[otc] 4160 (創源, 36/24247) : 生技醫療業,生物科技指標
[otc] 4161 (聿新科, 78/52659) : 生技醫療業,醫療產品指標
[otc] 4162 (智擎, 219/146666) : 生技醫療業,生技製藥,OTC-生技醫療,西藥製藥指標
[otc] 4163 (鐿鈦, 60/40241) : 生技醫療業,生技醫療器材與服務,醫療產品指標
[tse] 4164 (承業醫, 212/141633) : 生技醫療業,生技醫療器材與服務,TSE-生技醫療,醫療器材通路指標
[otc] 4167 (松瑞藥, 402/268394) : 生技醫療業,生技製藥,原料藥指標
[otc] 4168 (醣聯, 122/81728) : 生技醫療業
[otc] 4171 (瑞基, 60/40590) : 農業科技,生技醫療器材與服務,生物科技指標
[otc] 4173 (久裕, 111/74574) : 生技醫療業,生技醫療器材與服務,藥品通路指標
[otc] 4174 (浩鼎, 282/188228) : 生技醫療業,生技製藥,OTC-生技醫療
[otc] 4175 (杏一, 47/31612) : 生技醫療業,醫療器材通路指標,藥品通路指標
[otc] 4183 (福永生技, 35/23800) : 生技醫療業
[otc] 4188 (安克, 79/53221) : 生技醫療業,醫療產品指標,軟體指標
[tse] 4190 (佐登-KY, 91/60914) : 生技醫療業,生計保健食品與美妝品,TSE-生技醫療
[otc] 4192 (杏國, 159/106577) : 生技醫療業
[otc] 4198 (環瑞醫, 98/65540) : 生技醫療業
[otc] 4205 (中華食, 121/80701) : 食品工業,綜合食物指標
[otc] 4207 (環泰, 259/172928) : 食品工業,綜合食物指標
[otc] 4303 (信立, 105/70000) : 塑膠工業,塑膠,塑膠製品指標
[otc] 4304 (勝昱, 54/36038) : 塑膠工業,塑膠製品指標
[otc] 4305 (世坤, 82/55014) : 塑膠工業,塑膠製品指標
[tse] 4306 (炎洲, 855/570040) : 塑膠工業,塑膠,TSE-塑膠,塑膠製品指標,化工指標,膠帶貼紙指標
[otc] 4401 (東隆興, 180/120286) : 紡織纖維,OTC-紡織,尼龍指標
[otc] 4402 (福大, 68/45991) : 紡織纖維,OTC-紡織
[otc] 4406 (新昕纖, 77/51912) : 紡織纖維,OTC-紡織,加工絲指標
[otc] 4413 (飛寶企業, 46/31314) : 紡織纖維,OTC-紡織,長織布指標
[tse] 4414 (如興, 1230/820046) : 紡織纖維,紡織纖維,TSE-紡織,成衣指標
[otc] 4416 (三圓, 90/60015) : 建材營造,OTC-建材營造,務業租貸指標
[otc] 4417 (金洲, 125/83971) : 紡織纖維,紡織纖維,OTC-紡織
[otc] 4419 (元勝, 53/35578) : 紡織纖維,OTC-紡織,長織布指標
[otc] 4420 (光明, 60/40455) : 紡織纖維,OTC-紡織,長織布指標
[tse] 4426 (利勤, 241/161079) : 紡織纖維,紡織纖維,TSE-紡織,長織布指標
[otc] 4429 (聚紡, 51/34350) : 紡織纖維,OTC-紡織,長織布指標
[otc] 4430 (耀億, 84/56273) : 其他,OTC-其他,不織布指標
[otc] 4432 (銘旺實, 75/50589) : 紡織纖維,OTC-紡織,成衣指標
[otc] 4433 (興采, 69/46400) : 紡織纖維,紡織纖維,OTC-紡織,長織布指標
[tse] 4438 (廣越, 155/103375) : 紡織纖維,紡織纖維,TSE-紡織,成衣指標
[tse] 4439 (冠星-KY, 47/31500) : 紡織纖維
[otc] 4502 (健信, 74/49768) : 電機機械,OTC-電機機械
[otc] 4503 (金雨, 58/39263) : 電機機械
[otc] 4506 (崇友, 265/177012) : 電機機械,OTC-電機機械,建材指標
[otc] 4510 (高鋒, 162/108010) : 電機機械,工具機械指標
[otc] 4513 (福裕, 115/76880) : 電機機械,工具機械指標
[otc] 4523 (永彰, 96/64000) : 電機機械,機器人指標
[tse] 4526 (東台, 382/254826) : 電機機械,工具機械指標
[otc] 4527 (方土霖, 114/76152) : 電機機械,OTC-電機機械
[otc] 4528 (江興鍛, 114/76514) : 電機機械,汽車零組件,OTC-電機機械,汽車零組件指標
[otc] 4529 (淳紳, 124/82773) : 其他,OTC-其他,汽車股指標
[otc] 4530 (宏易, 69/46172) : 電機機械,3C通路指標
[tse] 4532 (瑞智, 757/504915) : 電機機械,電機,TSE-電機機械,機械零組件指標
[otc] 4533 (協易機, 237/158434) : 電機機械,工具機械指標
[otc] 4534 (慶騰, 133/89193) : 電機機械,機械零組件指標
[otc] 4535 (至興, 113/75661) : 電機機械,OTC-電機機械
[tse] 4536 (拓凱, 136/90820) : 其他,其他*
[otc] 4538 (大詠城, 71/47600) : 電機機械,電機,機械零組件指標
[tse] 4540 (全球傳動, 145/96678) : 電機機械,電機,機械零組件指標
[otc] 4541 (晟田, 104/69499) : 其他,飛機零組件,OTC-其他,飛機零組件指標
[otc] 4542 (科嶠, 42/28285) : 電子零組件業
[otc] 4543 (萬在, 85/56970) : 電機機械
[tse] 4545 (銘鈺, 115/77000) : 電子零組件業,模具沖壓指標
[otc] 4549 (桓達, 63/42383) : 電機機械,電機,OTC-電機機械,設備儀器廠商指標
[otc] 4550 (長佳, 55/37096) : 電機機械,重電業指標
[tse] 4551 (智伸科, 158/105934) : 汽車工業,汽車零組件,TSE-電機機械,機械零組件指標,汽車零組件指標,TESLA
[tse] 4552 (力達-KY, 174/116000) : 電機機械,電機,機械零組件指標
[otc] 4554 (橙的, 32/21374) : 其他電子業
[tse] 4555 (氣立, 100/66880) : 電機機械,機械零組件指標
[otc] 4556 (旭然, 62/41742) : 其他,OTC-其他,環保水利指標
[tse] 4557 (永新-KY, 59/39808) : 汽車工業
[tse] 4560 (強信-KY, 101/67933) : 電機機械,電機,機械零組件指標
[otc] 4561 (健椿, 87/58521) : 電機機械,機械零組件指標
[tse] 4562 (穎漢, 101/67546) : 電機機械,產業機械指標
[otc] 4563 (百德, 82/54950) : 電機機械,OTC-電機機械,工具機械指標
[tse] 4564 (元翎, 270/180100) : 電機機械,汽車零組件
[tse] 4566 (時碩工業, 100/67252) : 電機機械,汽車零組件,汽車零組件指標
[otc] 4568 (科際精密, 45/30246) : 電機機械,機械零組件指標
[tse] 4571 (鈞興-KY, 71/47600) : 電機機械
[tse] 4572 (駐龍, 53/35800) : 電機機械
[tse] 4576 (大銀微系統, 176/117908) : 電機機械
[otc] 4580 (捷流閥業, 58/39132) : 電機機械
[tse] 4581 (光隆精密-KY, 50/33899) : 汽車工業
[otc] 4609 (唐鋒, 71/47946) : 電器電纜,家具指標
[otc] 4702 (中美實, 108/72333) : 化學工業,OTC-化工
[otc] 4706 (大恭, 118/79030) : 化學工業,OTC-化工
[otc] 4707 (磐亞, 429/286567) : 化學工業,OTC-化工
[otc] 4711 (永純, 91/61056) : 化學工業,OTC-化工,合成樹酯指標
[otc] 4712 (南璋, 103/68969) : 食品工業,綜合食物指標
[otc] 4714 (永捷, 155/103593) : 化學工業,化學工業,OTC-化工,合成樹酯指標
[otc] 4716 (大立, 112/75171) : 化學工業,化學工業,OTC-化工,合成樹酯指標
[tse] 4720 (德淵, 133/89175) : 化學工業
[otc] 4721 (美琪瑪, 112/74986) : 化學工業,電池相關,OTC-化工,化工指標,電池材料相關指標,TESLA
[tse] 4722 (國精化, 150/100009) : 化學工業,合成樹酯指標
[tse] 4725 (信昌化, 198/132009) : 化學工業,化學工業,TSE-化工,化工指標
[otc] 4726 (永昕, 191/127954) : 生技醫療業,生技製藥
[otc] 4728 (雙美, 81/54463) : 生技醫療業,生技醫療器材與服務,醫療產品指標
[otc] 4729 (熒茂, 157/104667) : 光電業,觸控面板指標
[otc] 4735 (豪展, 56/37555) : 生技醫療業
[otc] 4736 (泰博, 126/84294) : 生技醫療業,生技醫療器材與服務,OTC-生技醫療,醫療產品指標
[tse] 4737 (華廣, 92/61521) : 生技醫療業,醫療產品指標
[tse] 4739 (康普, 139/93029) : 化學工業,電池相關,TSE-化學生技醫療,TSE-化工,化工指標,電池材料相關指標,TESLA
[otc] 4741 (泓瀚, 49/32841) : 化學工業,OTC-化工
[otc] 4743 (合一, 529/352904) : 生技醫療業,生計保健食品與美妝品,西藥製藥指標,保健品指標
[otc] 4744 (皇將, 70/46915) : 生技醫療業,產業機械指標
[otc] 4745 (合富-KY, 110/73761) : 生技醫療業,醫療器材通路指標
[tse] 4746 (台耀, 162/108312) : 生技醫療業,生技製藥,TSE-生技醫療,化工指標,原料藥指標
[otc] 4747 (強生, 45/30018) : 生技醫療業
[otc] 4754 (國碳科, 28/18761) : 化學工業,OTC-化工
[tse] 4755 (三福化, 136/90706) : 化學工業,TSE-化工,電子化工材料指標
[otc] 4760 (勤凱科技, 44/29500) : 其他電子業,被動元件
[tse] 4763 (材料-KY, 76/51076) : 化學工業,化學工業,TSE-化工
[tse] 4764 (雙鍵, 115/76788) : 化學工業,化學工業,TSE-化工,化工指標
[tse] 4766 (南寶, 180/120570) : 化學工業,化學工業,TSE-化學生技醫療,TSE-化工,化工指標,合成樹酯指標
[otc] 4767 (誠泰科技, 47/31415) : 化學工業,OTC-化工
[otc] 4803 (VHQ-KY, 59/39379) : 文化創意業,文化創意,OTC-文化創意,文創產業指標
[otc] 4804 (大略-KY, 64/43247) : 觀光事業,OTC-觀光,服務業指標
[otc] 4806 (昇華, 62/41974) : 文化創意業
[tse] 4807 (日成-KY, 57/38400) : 貿易百貨,TSE-貿易百貨
[otc] 4903 (聯光通, 135/90279) : 通信網路業,通訊設備,光纖產品指標
[tse] 4904 (遠傳, 4887/3258500) : 通信網路業,電信服務*,TSE-電子,TSE-網路通信,電信股指標,雲端指標
[otc] 4905 (台聯電, 55/36822) : 通信網路業,OTC-通信網路,接取設備指標
[tse] 4906 (正文, 535/356883) : 通信網路業,網通,TSE-網路通信,無線網路指標,電子代工指標,網路通訊指標,雲端指標
[otc] 4907 (富宇, 177/118145) : 建材營造,OTC-建材營造
[otc] 4908 (前鼎, 117/78216) : 通信網路業,通訊設備,OTC-通信網路,光纖產品指標,光收發模組指標
[otc] 4909 (新復興, 140/93356) : 通信網路業,PCB製造,OTC-通信網路
[otc] 4911 (德英, 83/55660) : 生技醫療業,保健品指標
[tse] 4912 (聯德控股-KY, 70/46967) : 電子零組件業,模具製造*,模具沖壓指標
[tse] 4915 (致伸, 673/448698) : 電子零組件業,消費電子*,TSE-電子零組件,周邊產品指標,無線充電指標,TWS概念股
[tse] 4916 (事欣科, 125/83451) : 電腦及週邊設備業,飛機零組件,飛機零組件指標,工業電腦指標,遊戲相關指標
[tse] 4919 (新唐, 431/287554) : 半導體業,IC設計,IC設計指標,半導體指標,車用電子指標,無線充電指標,MCU,華新集團
[otc] 4924 (欣厚-KY, 55/37164) : 電腦及週邊設備業,音響設備及零件指標
[tse] 4927 (泰鼎-KY, 284/189937) : 電子零組件業,PCB製造,印刷電路指標
[tse] 4930 (燦星網, 201/134300) : 電器電纜,TSE-電器電纜,家具指標
[otc] 4931 (新盛力, 92/61975) : 電腦及週邊設備業
[otc] 4933 (友輝, 117/78254) : 光電業,LCD零組件,TFT面板指標
[tse] 4934 (太極, 300/200000) : 光電業,太陽能指標
[tse] 4935 (茂林-KY, 196/130937) : 光電業,TFT面板指標,背光板指標,APPLE_鍵盤
[tse] 4938 (和碩, 3916/2610759) : 電腦及週邊設備業,電子代工*,TSE-電子,TSE-電腦與周邊設備,手機股指標,筆記型電腦指標,電子代工指標,機器人指標,穿戴式裝置指標,TESLA
[otc] 4939 (亞電, 147/98200) : 電子零組件業,PCB製造,軟板指標
[tse] 4942 (嘉彰, 213/142367) : 光電業,模具製造*,模具沖壓指標
[tse] 4943 (康控-KY, 205/136790) : 電子零組件業,連接元件,連接器指標,TWS概念股
[otc] 4944 (兆遠, 310/207254) : 光電業,OTC-光電,LED指標
[otc] 4946 (辣椒, 40/27320) : 文化創意業,OTC-文化創意,遊戲相關指標,文創產業指標
[otc] 4950 (牧東, 68/45779) : 其他,家居用品指標
[tse] 4952 (凌通, 163/108815) : 半導體業,IC設計,無線充電指標,MCU
[otc] 4953 (緯軟, 100/66708) : 資訊服務業,軟體系統整合*,OTC-資訊服務,軟體指標
[tse] 4956 (光鋐, 150/100408) : 光電業,LED及光元件
[tse] 4958 (臻鼎-KY, 1353/902229) : 電子零組件業,PCB製造,TSE-電子零組件,印刷電路指標,軟板指標,APPLE
[tse] 4960 (誠美材, 998/665728) : 光電業,LCD零組件,TFT面板指標
[tse] 4961 (天鈺, 248/165624) : 半導體業,IC設計,快充IC
[otc] 4966 (譜瑞-KY, 120/80009) : 半導體業,IC設計,OTC-電子,OTC-半導體,IC設計指標
[tse] 4967 (十銓, 102/68257) : 半導體業,DRAM,記憶體模組指標
[tse] 4968 (立積, 93/62143) : 半導體業,IC設計,IC設計ASIC,WIFI6
[otc] 4971 (IET-KY, 54/36532) : 半導體業,砷化鎵,砷化鎵相關指標
[otc] 4972 (湯石照明, 60/40253) : 光電業,家具指標
[otc] 4973 (廣穎, 95/63505) : 半導體業,記憶體模組指標
[otc] 4974 (亞泰, 108/72500) : 電子零組件業,掃描器*,影像感測元件指標
[tse] 4976 (佳凌, 178/118921) : 光電業,光學鏡頭,光學鏡頭指標
[tse] 4977 (眾達-KY, 103/68689) : 通信網路業,網通,TSE-網路通信,光纖產品指標,光收發模組指標,光通訊
[otc] 4979 (華星光, 180/120261) : 通信網路業,通訊設備,OTC-通信網路,光纖產品指標,光纖次模組封裝指標
[otc] 4987 (科誠, 37/25200) : 電腦及週邊設備業
[tse] 4989 (榮科, 229/153085) : 電子零組件業,PCB製造,印刷電路板上游,PCB_銅箔基板
[otc] 4991 (環宇-KY, 137/91351) : 半導體業,砷化鎵,砷化鎵相關指標
[tse] 4994 (傳奇, 165/110639) : 資訊服務業,遊戲,TSE-資訊服務,遊戲相關指標,文創產業指標
[otc] 4995 (晶達, 62/41774) : 光電業,顯示器指標
[tse] 4999 (鑫禾, 111/74417) : 電子零組件業,NB與手機零組件,樞紐指標
[tse] 5007 (三星, 442/294940) : 鋼鐵工業,TSE-鋼鐵,飛機零組件指標,線材盤元指標
[otc] 5009 (榮剛, 700/466735) : 鋼鐵工業,鋼鐵,OTC-鋼鐵,飛機零組件指標,不鏽鋼指標
[otc] 5011 (久陽, 61/41135) : 鋼鐵工業,OTC-鋼鐵,線材盤元指標
[otc] 5013 (強新, 200/133416) : 鋼鐵工業,OTC-鋼鐵,線材盤元指標
[otc] 5014 (建錩, 247/165333) : 鋼鐵工業,OTC-鋼鐵,不鏽鋼指標
[otc] 5015 (華祺, 90/60639) : 鋼鐵工業,鋼鐵,OTC-鋼鐵,不鏽鋼指標
[otc] 5016 (松和, 74/49622) : 鋼鐵工業,OTC-鋼鐵,線材盤元指標,條鋼指標
[otc] 5102 (富強, 96/64085) : 橡膠工業,橡膠輪胎指標
[otc] 5201 (凱衛, 46/30674) : 資訊服務業,OTC-資訊服務
[otc] 5202 (力新, 88/59094) : 資訊服務業,OTC-資訊服務
[tse] 5203 (訊連, 127/84923) : 資訊服務業,軟體系統整合*,TSE-資訊服務,軟體指標
[otc] 5205 (中茂, 27/18005) : 其他電子業
[otc] 5206 (坤悅, 222/148500) : 建材營造,OTC-建材營造
[otc] 5209 (新鼎, 35/23495) : 資訊服務業,OTC-資訊服務
[otc] 5210 (寶碩, 95/63699) : 資訊服務業,軟體系統整合*,OTC-資訊服務
[otc] 5211 (蒙恬, 48/32024) : 資訊服務業,OTC-資訊服務
[otc] 5212 (凌網, 51/34633) : 資訊服務業,OTC-資訊服務
[otc] 5213 (亞昕, 519/346195) : 建材營造,營建,OTC-建材營造
[tse] 5215 (科嘉-KY, 89/59337) : 電腦及週邊設備業,APPLE_鍵盤
[otc] 5220 (萬達光電, 59/39667) : 光電業,觸控面板,觸控面板指標
[otc] 5223 (安力-KY, 64/43247) : 電腦及週邊設備業,NB與手機零組件,模具沖壓指標
[tse] 5225 (東科-KY, 92/61455) : 其他電子業,音響設備及零件指標
[otc] 5227 (立凱-KY, 195/130019) : 電子零組件業,電池相關,OTC-電子零組件,電池材料相關指標
[otc] 5230 (雷笛克光學, 73/48955) : 光電業
[tse] 5234 (達興材料, 154/102715) : 光電業,LCD零組件,TSE-光電,電子化工材料指標
[tse] 5243 (乙盛-KY, 252/168528) : 光電業,LCD零組件,模具沖壓指標,鴻海車用
[otc] 5245 (智晶, 67/44990) : 光電業,OTC-光電,TFT面板指標
[otc] 5251 (天鉞電, 53/35444) : 光電業,安全監控系統指標
[tse] 5258 (虹堡, 134/89542) : 電腦及週邊設備業
[otc] 5263 (智崴, 83/55747) : 文化創意業,遊戲,OTC-文化創意,遊戲相關指標
[tse] 5264 (鎧勝-KY, 630/420456) : 電腦及週邊設備業,機殼,TSE-電腦與周邊設備,機殼指標
[tse] 5269 (祥碩, 103/69222) : 半導體業,IC設計,TSE-半導體,IC設計指標,USBIC指標,APPLE,AMD
[otc] 5272 (笙科, 84/56424) : 半導體業
[otc] 5274 (信驊, 51/34224) : 半導體業,IC設計,OTC-電子,OTC-半導體,IC設計指標,伺服器概念股
[otc] 5276 (達輝-KY, 59/39500) : 其他,機車相關指標
[otc] 5278 (尚凡, 22/15247) : 電子商務,網路相關*,OTC-電子商務,Internet相關指標,文創產業指標
[otc] 5281 (大峽谷-KY, 55/37010) : 光電業,LED及光元件,LED指標
[tse] 5283 (禾聯碩, 114/76000) : 電器電纜
[tse] 5284 (jpp-KY, 65/43664) : 其他,模具沖壓指標
[tse] 5285 (界霖, 141/94089) : 半導體業,連接元件,IC封測指標,導線架,銅概念股
[otc] 5287 (數字, 63/42575) : 電子商務,網路相關*,OTC-電子商務,Internet相關指標,電子商務指標
[tse] 5288 (豐祥-KY, 98/65826) : 電機機械,電機,TSE-電機機械,機車相關指標
[otc] 5289 (宜鼎, 119/79729) : 電腦及週邊設備業,DRAM,OTC-電腦與周邊設備,周邊產品指標
[otc] 5291 (邑昇, 58/38824) : 電子零組件業
[otc] 5299 (杰力, 52/35228) : 半導體業,LED及光元件,分離式元件指標,MOSFET
[otc] 5301 (寶得利, 147/98328) : 觀光事業,OTC-觀光
[otc] 5302 (太欣, 243/162377) : 半導體業
[otc] 5304 (鼎創達, 490/326962) : 電腦及週邊設備業,務業租貸指標
[tse] 5305 (敦南, 468/312456) : 半導體業,LED及光元件,分離式元件指標,半導體指標,影像感測元件指標
[otc] 5306 (桂盟, 189/126000) : 其他,自行車*,OTC-其他,自行車指標,其他傳統產業指標
[otc] 5309 (系統電, 226/151154) : 電子零組件業
[otc] 5310 (天剛, 74/49601) : 資訊服務業,軟體系統整合*,OTC-資訊服務,軟體指標
[otc] 5312 (寶島科, 90/60059) : 生技醫療業
[otc] 5314 (世紀, 90/60000) : 半導體業
[otc] 5315 (光聯, 159/106351) : 光電業,LCDSTN面板,OTC-光電,TNSTN指標
[otc] 5321 (友銓, 52/34973) : 電子零組件業,軟板指標
[otc] 5324 (士開, 204/136379) : 建材營造,OTC-建材營造
[otc] 5328 (華容, 259/172710) : 電子零組件業
[otc] 5340 (建榮, 292/194893) : 電子零組件業,PCB材料設備,印刷電路板上游
[otc] 5344 (立衛, 119/79447) : 半導體業
[otc] 5345 (天揚, 67/45000) : 電子零組件業,其他電子通路指標
[otc] 5347 (世界, 2458/1638982) : 半導體業,半導體*,OTC-電子,OTC-半導體,半導體指標
[otc] 5348 (系通, 38/25950) : 通信網路業,GPS指標
[otc] 5349 (先豐, 336/224096) : 電子零組件業,PCB製造,OTC-電子零組件,印刷電路指標
[otc] 5351 (鈺創, 326/217707) : 半導體業,DRAM,利基型記憶體IC指標
[otc] 5353 (台林, 112/75000) : 通信網路業,電信設備指標
[otc] 5355 (佳總, 249/166122) : 電子零組件業
[otc] 5356 (協益, 154/103040) : 電腦及週邊設備業,OTC-電腦與周邊設備
[otc] 5364 (力麗店, 21/14099) : 觀光事業,飯店指標
[otc] 5371 (中光電, 651/434423) : 光電業,LCD零組件,OTC-電子,OTC-光電,TFT面板指標,背光板指標,投影機相關指標
[otc] 5381 (合正, 270/180156) : 電子零組件業,印刷電路板上游
[otc] 5383 (金利, 119/79400) : 其他電子業
[otc] 5386 (青雲, 33/22474) : 電腦及週邊設備業,PC介面卡,電腦版卡顯示
[tse] 5388 (中磊, 373/249054) : 通信網路業,網通,TSE-網路通信,無線網路指標,電子代工指標,網路通訊指標,WIFI6
[otc] 5392 (應華, 249/166631) : 光電業,連接元件,OTC-光電,機殼指標
[otc] 5398 (慕康生醫, 74/49950) : 其他,醫療器材通路指標
[otc] 5403 (中菲, 93/62630) : 資訊服務業,OTC-資訊服務,軟體指標
[otc] 5410 (國眾, 128/85900) : 資訊服務業,OTC-資訊服務,3C通路指標,軟體指標
[otc] 5425 (台半, 374/249453) : 半導體業,LED及光元件,OTC-半導體,分離式元件指標,車用電子指標
[otc] 5426 (振發, 215/143800) : 電腦及週邊設備業,機殼,機殼指標
[otc] 5432 (達威, 31/20687) : 光電業,LCDSTN面板,TNSTN指標
[tse] 5434 (崇越, 272/181699) : 電子通路業,IC通路*,TSE-電子通路,其他電子通路指標,台積概念股
[otc] 5438 (東友, 168/112536) : 電腦及週邊設備業
[otc] 5439 (高技, 128/85975) : 電子零組件業,PCB製造,印刷電路指標
[otc] 5443 (均豪, 247/165136) : 光電業,儀器設備工程,OTC-光電,設備儀器廠商指標,機器人指標,台積概念設備廠
[otc] 5450 (南良, 183/122392) : 其他,PC介面卡
[otc] 5452 (佶優, 223/148763) : 其他電子業,其他電子通路指標
[otc] 5455 (昇益, 98/65501) : 建材營造,OTC-建材營造,建材指標
[otc] 5457 (宣德, 254/169585) : 電子零組件業,連接元件,OTC-電子零組件,連接器指標
[otc] 5460 (同協, 91/61227) : 電子零組件業,模具沖壓指標
[otc] 5464 (霖宏, 106/71071) : 電子零組件業,PCB製造
[otc] 5465 (富驊, 246/164091) : 電腦及週邊設備業,OTC-電腦與周邊設備,機殼指標
[otc] 5468 (凱鈺, 29/19822) : 半導體業
[tse] 5469 (瀚宇博, 792/528441) : 電子零組件業,PCB製造,印刷電路指標
[tse] 5471 (松翰, 251/167877) : 半導體業,IC設計,車用電子指標,無線充電指標,MCU
[otc] 5474 (聰泰, 50/33729) : 電腦及週邊設備業,消費電子*,OTC-電腦與周邊設備,視訊轉換相關指標
[otc] 5475 (德宏, 272/181610) : 電子零組件業,PCB材料設備,印刷電路板上游
[otc] 5478 (智冠, 191/127474) : 文化創意業,遊戲,OTC-文化創意,遊戲相關指標,文創產業指標
[otc] 5481 (新華, 110/73402) : 其他,PCB材料設備,服務業指標
[otc] 5483 (中美晶, 879/586221) : 半導體業,矽晶圓,OTC-電子,OTC-半導體,太陽能指標,半導體指標
[tse] 5484 (慧友, 102/68115) : 光電業,安全監控系統指標
[otc] 5487 (通泰, 35/23636) : 半導體業
[otc] 5488 (松普, 137/91586) : 電子零組件業
[otc] 5489 (彩富, 154/102706) : 其他電子業,安全監控*,OTC-其他電子,安全監控系統指標
[otc] 5490 (同亨, 144/96396) : 電腦及週邊設備業,OTC-電腦與周邊設備,工業電腦指標
[otc] 5493 (三聯, 66/44264) : 其他電子業
[otc] 5498 (凱崴, 247/164823) : 電子零組件業,印刷電路板上游
[otc] 5508 (永信建, 326/217428) : 建材營造,營建,OTC-建材營造,營件指標
[otc] 5511 (德昌, 170/113440) : 建材營造,營建,OTC-建材營造,營造指標
[otc] 5512 (力麒, 1115/743992) : 建材營造,營建,OTC-建材營造,營造指標,務業租貸指標
[otc] 5514 (三豐, 264/176643) : 建材營造,OTC-建材營造
[tse] 5515 (建國, 401/267440) : 建材營造,水泥指標,營造指標
[otc] 5516 (雙喜, 57/38295) : 建材營造
[tse] 5519 (隆大, 328/219197) : 建材營造,營建,營造指標
[otc] 5520 (力泰, 90/60315) : 建材營造,OTC-建材營造,水泥指標
[tse] 5521 (工信, 671/447527) : 建材營造,營造指標
[tse] 5522 (遠雄, 1172/781596) : 建材營造,營建,TSE-建材營造,營件指標
[otc] 5523 (豐謙, 232/155001) : 建材營造,OTC-建材營造
[tse] 5525 (順天, 367/244991) : 建材營造,營建,務業租貸指標
[otc] 5529 (志嘉, 132/88432) : 建材營造
[otc] 5530 (龍巖, 630/420084) : 其他,其他*,OTC-其他,服務業指標
[tse] 5531 (鄉林, 1473/982474) : 建材營造,TSE-建材營造,營件指標
[tse] 5533 (皇鼎, 427/285244) : 建材營造
[tse] 5534 (長虹, 435/290325) : 建材營造,營建,TSE-建材營造,營件指標
[otc] 5536 (聖暉, 81/54186) : 其他電子業,儀器設備工程,OTC-其他電子,無塵室工程指標
[tse] 5538 (東明-KY, 252/168000) : 鋼鐵工業,TSE-鋼鐵,飛機零組件指標,不鏽鋼指標
[otc] 5543 (崇佑-KY, 53/35699) : 建材營造,建材指標
[tse] 5546 (永固-KY, 115/76725) : 建材營造
[otc] 5601 (台聯櫃, 97/64800) : 航運業,OTC-航運,貨櫃航運指標
[otc] 5603 (陸海, 117/78324) : 航運業,OTC-航運,陸運指標
[otc] 5604 (中連貨, 163/108782) : 航運業,OTC-航運,陸運指標
[tse] 5607 (遠雄港, 344/229979) : 航運業,TSE-航運,航空指標
[tse] 5608 (四維航, 418/279267) : 航運業,TSE-航運,散裝航運指標
[otc] 5609 (中菲行, 189/126000) : 航運業,OTC-航運,航空指標
[otc] 5701 (劍湖山, 380/253756) : 觀光事業,OTC-觀光,飯店指標
[otc] 5703 (亞都, 105/70239) : 觀光事業,OTC-觀光,飯店指標
[otc] 5704 (老爺知, 58/38861) : 觀光事業,OTC-觀光,飯店指標
[tse] 5706 (鳳凰, 91/61294) : 觀光事業,TSE-觀光
[otc] 5820 (日盛金, 5567/3711819) : 金融業,金融金控,TSE-金融保險,金控指標
[otc] 5864 (致和證, 356/237490) : 金融業,證券指標
[tse] 5871 (中租-KY, 2071/1381328) : 其他,其他*,金融其他指標,中概股指標
[tse] 5876 (上海商銀, 6722/4481603) : 金融保險業,金融銀行,TSE-金融保險,銀行指標
[otc] 5878 (台名, 37/25024) : 金融業,保險指標
[tse] 5880 (合庫金, 19418/12945848) : 金融保險業,金融金控,TSE-金融保險,金控指標
[otc] 5902 (德記, 141/94500) : 貿易百貨
[otc] 5903 (全家, 334/223220) : 貿易百貨,百貨*,觀光百貨指標
[otc] 5904 (寶雅, 146/97685) : 貿易百貨,百貨*,觀光百貨指標
[otc] 5905 (南仁湖, 284/189816) : 貿易百貨,飯店指標
[tse] 5906 (台南-KY, 45/30000) : 貿易百貨,成衣指標
[tse] 5907 (大洋-KY, 293/195531) : 貿易百貨,百貨*,TSE-貿易百貨,觀光百貨指標
[tse] 6005 (群益證, 3256/2170908) : 金融保險業,金融證券,證券指標
[otc] 6015 (宏遠證, 498/332500) : 金融業,證券指標
[otc] 6016 (康和證, 885/590322) : 金融業,證券指標
[otc] 6020 (大展證, 378/252353) : 金融業,證券指標
[otc] 6021 (大慶證, 460/306755) : 金融業,證券指標
[otc] 6023 (元大期貨, 374/249976) : 金融業,證券指標
[tse] 6024 (群益期, 315/210437) : 金融保險業,金融證券,證券指標
[otc] 6026 (福邦證, 368/245557) : 金融業,證券指標
[otc] 6101 (寬魚國際, 174/116422) : 文化創意業,OTC-文化創意,文創產業指標
[otc] 6103 (合邦, 85/57084) : 半導體業
[otc] 6104 (創惟, 136/90818) : 半導體業,IC設計,USBIC指標
[tse] 6108 (競國, 239/159899) : 電子零組件業,PCB製造,印刷電路指標
[otc] 6109 (亞元, 86/57400) : 通信網路業
[otc] 6111 (大宇資, 73/49288) : 文化創意業,遊戲,OTC-文化創意,遊戲相關指標,文創產業指標
[tse] 6112 (聚碩, 282/188357) : 資訊服務業,軟體系統整合*,TSE-資訊服務,軟體指標
[otc] 6113 (亞矽, 75/50047) : 電子通路業,OTC-電子通路
[otc] 6114 (久威, 65/43911) : 電子零組件業,PCB製造,其他電子通路指標
[tse] 6115 (鎰勝, 281/187662) : 電子零組件業,連接線材指標
[tse] 6116 (彩晶, 4700/3133933) : 光電業,LCDTFT面板,TSE-光電,TFT面板指標,手機零組件指標,華新集團
[tse] 6117 (迎廣, 132/88650) : 電腦及週邊設備業,機殼指標
[otc] 6118 (建達, 136/90889) : 電子通路業,資訊通路*,OTC-電子通路,3C通路指標
[tse] 6120 (達運, 998/665555) : 光電業,LCD零組件,TSE-光電,TFT面板指標,背光板指標,電子代工指標,mini_led
[otc] 6121 (新普, 277/184970) : 電腦及週邊設備業,電池相關,OTC-電子,OTC-電腦與周邊設備,電池相關指標,TESLA
[otc] 6122 (擎邦, 103/68729) : 電機機械,營造指標
[otc] 6123 (上奇, 88/59037) : 電腦及週邊設備業,資訊通路*,OTC-電腦與周邊設備,軟體指標
[otc] 6124 (業強, 273/182479) : 電子零組件業,OTC-電子零組件,散熱模組指標
[otc] 6125 (廣運, 373/249011) : 光電業,儀器設備工程,OTC-光電,機器人指標
[otc] 6126 (信音, 190/126839) : 電子零組件業
[otc] 6127 (九豪, 162/108079) : 電子零組件業,被動元件
[tse] 6128 (上福, 191/127588) : 電腦及週邊設備業,周邊產品指標
[otc] 6129 (普誠, 271/180943) : 半導體業,IC設計
[otc] 6130 (星寶國際, 44/29500) : 生技醫療業,藥品通路指標
[tse] 6131 (鈞泰, 152/101926) : 光電業
[tse] 6133 (金橋, 175/117006) : 電子零組件業,連接線材指標
[otc] 6134 (萬旭, 141/94270) : 電子零組件業
[tse] 6136 (富爾特, 173/115536) : 通信網路業,其他電子通路指標,電子商務指標
[otc] 6138 (茂達, 109/73050) : 半導體業,IC設計,類比IC指標,車用電子指標,無線充電指標,AMD
[tse] 6139 (亞翔, 338/225540) : 其他電子業,儀器設備工程,TSE-其他電子,無塵室工程指標
[otc] 6140 (訊達電腦, 57/38367) : 資訊服務業
[tse] 6141 (柏承, 193/128914) : 電子零組件業,PCB製造,IC測試載板
[tse] 6142 (友勁, 402/268235) : 通信網路業,網通,無線網路指標
[otc] 6143 (振曜, 124/83006) : 通信網路業,網通,OTC-通信網路,手持式設備指標
[otc] 6144 (得利影, 109/73117) : 文化創意業,OTC-文化創意
[otc] 6146 (耕興, 138/92396) : 其他電子業,Ic封測,OTC-電子,OTC-其他電子,電子相關驗證指標
[otc] 6147 (頎邦, 981/654261) : 半導體業,Ic封測,OTC-電子,OTC-半導體,IC封測指標,COF
[otc] 6148 (驊宏資, 70/47000) : 資訊服務業,軟體系統整合*,OTC-資訊服務
[otc] 6150 (撼訊, 49/33290) : 電腦及週邊設備業,PC介面卡,電腦版卡顯示,比特幣概念股,AMD
[otc] 6151 (晉倫, 82/55257) : 其他電子業
[tse] 6152 (百一, 251/167738) : 通信網路業,視訊轉換相關指標
[tse] 6153 (嘉聯益, 816/544279) : 電子零組件業,PCB製造,軟板指標,穿戴式裝置指標
[otc] 6154 (順發, 120/80080) : 電子通路業,OTC-電子通路,3C通路指標
[tse] 6155 (鈞寶, 130/86667) : 電子零組件業,被動元件,無線充電指標,LTCC
[otc] 6156 (松上, 120/80375) : 電子零組件業,PCB製造
[otc] 6158 (禾昌, 79/52669) : 電子零組件業,連接元件,連接器指標
[otc] 6160 (欣技, 102/68489) : 電腦及週邊設備業,工業電腦指標
[otc] 6161 (捷波, 118/78983) : 電腦及週邊設備業,主機板*,電腦版卡顯示
[otc] 6163 (華電網, 184/122881) : 通信網路業,軟體系統整合*,軟體指標
[tse] 6164 (華興, 150/100000) : 光電業
[tse] 6165 (捷泰, 79/53242) : 電子零組件業
[tse] 6166 (凌華, 326/217497) : 電腦及週邊設備業,工業電腦,工業電腦指標,機器人指標
[otc] 6167 (久正, 243/162173) : 光電業,LCDSTN面板,TNSTN指標
[tse] 6168 (宏齊, 309/206069) : 光電業,LED及光元件,LED指標
[otc] 6169 (昱泉, 35/23394) : 文化創意業,OTC-文化創意,遊戲相關指標,服務業指標,文創產業指標
[otc] 6170 (統振, 134/89670) : 通信網路業,資訊通路*,其他電子通路指標
[otc] 6171 (亞銳士, 113/75351) : 建材營造,OTC-建材營造
[tse] 6172 (互億, 45/30000) : 電腦及週邊設備業,無線網路指標
[otc] 6173 (信昌電, 258/172000) : 電子零組件業,被動元件,OTC-電子零組件,MLCC指標,被動元件指標,華新集團
[otc] 6174 (安碁, 75/50000) : 電子零組件業,石英元件指標
[otc] 6175 (立敦, 204/136363) : 電子零組件業,被動元件,OTC-電子零組件,被動元件指標,被動元件-上游鋁箔
[tse] 6176 (瑞儀, 697/465027) : 光電業,LCD零組件,TSE-光電,TFT面板指標,背光板指標
[tse] 6177 (達麗, 385/257332) : 建材營造,營建,TSE-建材營造,營件指標
[otc] 6179 (亞通, 111/74146) : 其他,OTC-其他,環保水利指標
[otc] 6180 (橘子, 263/175493) : 文化創意業,遊戲,OTC-文化創意,軟體指標,遊戲相關指標,文創產業指標
[otc] 6182 (合晶, 766/510898) : 半導體業,矽晶圓,OTC-電子,OTC-半導體,半導體指標,台積概念股
[tse] 6183 (關貿, 225/150000) : 資訊服務業,TSE-資訊服務,軟體指標,電子商務指標
[tse] 6184 (大豐電, 237/158230) : 其他,傳播出版印刷指標
[otc] 6185 (幃翔, 224/149867) : 電子零組件業,連接器指標
[otc] 6186 (新潤, 150/100034) : 建材營造,營建,OTC-建材營造
[otc] 6187 (萬潤, 124/83323) : 其他電子業,儀器設備工程,OTC-其他電子,設備儀器廠商指標,台積概念設備廠
[otc] 6188 (廣明, 417/278358) : 電腦及週邊設備業,NB與手機零組件,OTC-電腦與周邊設備,周邊產品指標,機器人指標
[tse] 6189 (豐藝, 268/179045) : 電子通路業,IC通路*,TSE-電子通路,IC零組件通路商指標
[otc] 6190 (萬泰科, 210/140368) : 通信網路業,連接元件,OTC-通信網路,連接線材指標
[tse] 6191 (精成科, 773/515546) : 電子零組件業,PCB製造,印刷電路指標
[tse] 6192 (巨路, 160/106839) : 其他電子業,儀器設備工程,TSE-其他電子,其他電子通路指標
[otc] 6194 (育富, 90/60000) : 電子零組件業
[otc] 6195 (詩肯, 69/46133) : 貿易百貨,家居用品指標
[tse] 6196 (帆宣, 280/187114) : 其他電子業,儀器設備工程,TSE-其他電子,設備儀器廠商指標,台積概念股
[tse] 6197 (佳必琪, 183/122085) : 電子零組件業,消費電子*,連接器指標
[otc] 6198 (凌泰, 30/20135) : 半導體業,利基型記憶體IC指標
[otc] 6199 (天品, 92/61760) : 其他,服務業指標
[tse] 6201 (亞弘電, 133/89200) : 其他電子業,家具指標,音響設備及零件指標
[tse] 6202 (盛群, 339/226168) : 半導體業,IC設計,IC設計指標,車用電子指標,無線充電指標,MCU
[otc] 6203 (海韻電, 119/79953) : 電子零組件業,電源供應器,電源相關指標
[otc] 6204 (艾華, 34/23102) : 電子零組件業
[tse] 6205 (詮欣, 107/71839) : 電子零組件業,連接線材指標,連接器指標
[tse] 6206 (飛捷, 214/143062) : 電腦及週邊設備業,商業自動化*,工業電腦指標
[otc] 6207 (雷科, 125/83873) : 電子零組件業,被動元件
[otc] 6208 (日揚, 155/103993) : 電子零組件業,TWS概念股,台積概念股
[tse] 6209 (今國光, 244/163146) : 光電業,光學鏡頭,光學鏡頭指標
[otc] 6210 (慶生, 52/35048) : 電子零組件業
[otc] 6212 (理銘, 153/102000) : 建材營造,OTC-建材營造
[tse] 6213 (聯茂, 499/332957) : 電子零組件業,PCB材料設備,TSE-電子零組件,印刷電路板上游,PCB_CCL
[tse] 6214 (精誠, 404/269393) : 資訊服務業,軟體系統整合*,TSE-資訊服務,軟體指標,雲端指標
[tse] 6215 (和椿, 124/82789) : 其他電子業,儀器設備工程
[tse] 6216 (居易, 128/85658) : 通信網路業
[otc] 6217 (中探針, 97/65240) : 電子零組件業
[otc] 6218 (豪勉, 96/64262) : 通信網路業
[otc] 6219 (富旺, 231/154016) : 建材營造,營建,OTC-建材營造
[otc] 6220 (岳豐, 186/124554) : 電子零組件業,連接元件,連接線材指標
[otc] 6221 (晉泰, 68/45362) : 資訊服務業,軟體系統整合*,OTC-資訊服務
[otc] 6222 (上揚, 51/34588) : 光電業
[otc] 6223 (旺矽, 119/79958) : 半導體業,Ic封測,設備儀器廠商指標,台積概念股
[tse] 6224 (聚鼎, 120/80001) : 電子零組件業,被動元件,被動元件指標,國巨集團,車用被動元件
[tse] 6225 (天瀚, 190/127076) : 光電業,投影機相關指標
[tse] 6226 (光鼎, 172/114951) : 光電業,LED及光元件
[otc] 6227 (茂綸, 114/76111) : 電子通路業,IC通路*,OTC-電子通路,IC零組件通路商指標
[otc] 6228 (全譜, 48/32000) : 電腦及週邊設備業
[otc] 6229 (研通, 54/36087) : 半導體業
[tse] 6230 (超眾, 129/86343) : 電腦及週邊設備業,散熱模組,TSE-電腦與周邊設備,散熱模組指標
[otc] 6231 (系微, 57/38043) : 資訊服務業,軟體系統整合*,OTC-資訊服務,軟體指標
[otc] 6233 (旺玖, 119/79609) : 半導體業,IC設計,USBIC指標
[otc] 6234 (高僑, 139/92864) : 光電業,儀器設備工程,OTC-光電,印刷電路板上游
[tse] 6235 (華孚, 252/168650) : 電腦及週邊設備業,機殼,機殼指標,鋁鎂合金指標
[otc] 6236 (康呈, 47/31654) : 其他,保健品指標
[otc] 6237 (驊訊, 118/79034) : 半導體業
[tse] 6239 (力成, 1168/779146) : 半導體業,Ic封測,TSE-半導體,IC封測指標
[otc] 6240 (松崗, 34/23098) : 資訊服務業,OTC-資訊服務,傳播出版印刷指標
[otc] 6241 (易通展, 35/23717) : 通信網路業
[otc] 6242 (立康, 33/22200) : 生技醫療業,保健品指標
[tse] 6243 (迅杰, 112/74976) : 半導體業,無線充電指標
[otc] 6244 (茂迪, 810/540451) : 光電業,太陽能,OTC-光電,太陽能指標
[otc] 6245 (立端, 177/118180) : 通信網路業,工業電腦,OTC-通信網路,網路通訊指標
[otc] 6246 (臺龍, 46/30757) : 光電業,背光板指標
[otc] 6247 (淇譽電, 90/60321) : 其他電子業,音響設備及零件指標
[otc] 6248 (沛波, 46/30675) : 鋼鐵工業,OTC-鋼鐵,條鋼指標
[tse] 6251 (定穎, 466/311059) : 電子零組件業,印刷電路指標,TESLA
[tse] 6257 (矽格, 632/421510) : 半導體業,Ic封測,IC封測指標,WIFI6
[otc] 6259 (百徽, 167/111336) : 電子零組件業,其他電子通路指標
[otc] 6261 (久元, 192/128497) : 半導體業,Ic封測,LED指標,mini_led
[otc] 6263 (普萊德, 93/62500) : 通信網路業,OTC-通信網路,網路通訊指標
[otc] 6264 (富裔, 174/116355) : 建材營造
[otc] 6265 (方土昶, 177/118172) : 電子通路業,OTC-電子通路,IC零組件通路商指標
[otc] 6266 (泰詠, 148/98946) : 電子零組件業,PCB材料設備,印刷電路指標
[tse] 6269 (台郡, 508/338888) : 電子零組件業,PCB製造,TSE-電子零組件,軟板指標,TWS概念股,APPLE
[otc] 6270 (倍微, 108/72145) : 電子通路業,OTC-電子通路,IC零組件通路商指標
[tse] 6271 (同欣電, 248/165357) : 半導體業,Ic封測,IC封測指標,IC基板硬板指標,LED指標,WIFI6,LTCC,CMOS影像感測器
[otc] 6274 (台燿, 397/265219) : 電子零組件業,PCB材料設備,OTC-電子,OTC-電子零組件,印刷電路板上游,PCB_CCL,銅概念股
[otc] 6275 (元山, 104/69786) : 其他電子業,散熱模組,家具指標,散熱模組指標,TESLA
[otc] 6276 (安鈦克, 45/30490) : 電腦及週邊設備業,散熱模組指標
[tse] 6277 (宏正, 179/119471) : 電腦及週邊設備業,消費電子*,TSE-電腦與周邊設備,周邊產品指標,雲端指標
[tse] 6278 (台表科, 438/292398) : 光電業,PCB製造,TSE-光電,LED指標,印刷電路指標,電子代工指標,mini_led
[otc] 6279 (胡連, 145/97224) : 電子零組件業,汽車零組件,OTC-電子零組件,汽車零組件指標,連接器指標,TESLA
[tse] 6281 (全國電, 148/99172) : 電子通路業,TSE-電子通路,家具指標,3C通路指標
[tse] 6282 (康舒, 774/516621) : 電子零組件業,電源供應器,電源相關指標,TESLA
[tse] 6283 (淳安, 222/148063) : 其他電子業,觸控面板,TSE-其他電子,觸控面板指標
[otc] 6284 (佳邦, 210/140180) : 電子零組件業,被動元件,OTC-電子零組件,網路通訊指標,華新集團
[tse] 6285 (啟碁, 585/390232) : 通信網路業,通訊設備,TSE-網路通信,無線網路指標,電子代工指標,網路通訊指標,車用電子指標,WIFI6
[otc] 6287 (元隆, 657/438145) : 半導體業,半導體指標
[tse] 6288 (聯嘉, 256/171128) : 汽車工業,LED及光元件,LED指標,TESLA
[tse] 6289 (華上, 157/104778) : 光電業
[otc] 6290 (良維, 215/143796) : 電子零組件業,連接元件,OTC-電子零組件,連接線材指標
[otc] 6291 (沛亨, 40/27000) : 半導體業,PCB製造,類比IC指標
[otc] 6292 (迅德, 70/46900) : 電子零組件業,變壓器指標
[otc] 6294 (智基, 35/23402) : 文化創意業,OTC-文化創意,服務業指標
[otc] 6404 (通訊-KY, 56/37368) : 資訊服務業
[tse] 6405 (悅城, 98/65800) : 光電業
[tse] 6409 (旭隼, 124/83301) : 其他電子業,電源供應器,TSE-其他電子,電源相關指標
[otc] 6411 (晶焱, 120/80158) : 半導體業,IC設計,AMD
[tse] 6412 (群電, 583/388751) : 電子零組件業,電源供應器,TSE-電子零組件,電源相關指標
[tse] 6414 (樺漢, 125/83574) : 電腦及週邊設備業,工業電腦,TSE-電腦與周邊設備,工業電腦指標
[tse] 6415 (矽力-KY, 138/92182) : 半導體業,IC設計,TSE-半導體,IC設計指標,類比IC指標,無線充電指標
[tse] 6416 (瑞祺電通, 102/68035) : 通信網路業,網通,TSE-網路通信,網路通訊指標
[otc] 6417 (韋僑, 53/35614) : 通信網路業
[otc] 6418 (詠昇, 51/34522) : 電子零組件業,連接元件
[otc] 6419 (京晨科, 19/13159) : 光電業,安全監控系統指標
[otc] 6425 (易發, 63/42537) : 電機機械,儀器設備工程
[otc] 6426 (統新, 57/38509) : 通信網路業,通訊設備,OTC-通信網路,光纖產品指標,光通訊
[tse] 6431 (光麗-KY, 68/45642) : 光電業,消費電子*
[otc] 6432 (今展科, 36/24384) : 電子零組件業
[otc] 6435 (大中, 49/33063) : 半導體業,LED及光元件,分離式元件指標,MOSFET
[otc] 6438 (迅得, 90/60300) : 其他電子業,儀器設備工程,OTC-其他電子,設備儀器廠商指標,台積概念股
[otc] 6441 (廣錠, 46/30762) : 電腦及週邊設備業,遊戲相關指標
[tse] 6442 (光聖, 103/69300) : 通信網路業,通訊設備,連接器指標,光纖產品指標,光纖次模組封裝指標
[tse] 6443 (元晶, 568/379016) : 光電業,太陽能,太陽能指標
[otc] 6446 (藥華藥, 362/241886) : 生技醫療業,生技製藥,OTC-生技醫療,西藥製藥指標
[tse] 6449 (鈺邦, 126/84524) : 電子零組件業,被動元件,被動元件指標
[tse] 6451 (訊芯-KY, 159/106524) : 半導體業,Ic封測,IC封測指標
[tse] 6452 (康友-KY, 150/100131) : 生技醫療業,生技製藥,TSE-化學生技醫療,TSE-生技醫療,西藥製藥指標
[tse] 6456 (GIS-KY, 509/339439) : 光電業,觸控面板,TSE-光電,觸控面板指標
[otc] 6457 (紘康, 44/29777) : 半導體業,MCU
[otc] 6461 (益得, 151/100744) : 生技醫療業
[otc] 6462 (神盾, 107/71378) : 半導體業,IC設計,OTC-半導體,IC設計指標,軟體指標
[tse] 6464 (台數科, 184/122694) : 其他,傳播出版印刷指標,其他傳統產業指標
[otc] 6465 (威潤, 49/32974) : 通信網路業,GPS指標
[otc] 6469 (大樹, 65/43544) : 生技醫療業,藥品通路指標
[otc] 6470 (宇智, 49/32694) : 通信網路業,通訊設備,無線網路指標
[otc] 6472 (保瑞, 62/41627) : 生技醫療業,生技製藥,西藥製藥指標
[tse] 6477 (安集, 141/94456) : 光電業,太陽能,太陽能指標
[otc] 6482 (弘煜科, 25/17148) : 文化創意業,遊戲相關指標
[otc] 6485 (點序, 59/39383) : 半導體業
[otc] 6486 (互動, 55/36944) : 通信網路業,軟體系統整合*,OTC-通信網路,軟體指標
[otc] 6488 (環球晶, 655/437250) : 半導體業,矽晶圓,OTC-電子,OTC-半導體,半導體指標,台積概念股
[tse] 6491 (晶碩, 105/70000) : 生技醫療業
[otc] 6492 (生華科, 111/74531) : 生技醫療業,OTC-生技醫療,西藥製藥指標
[otc] 6494 (九齊, 47/31559) : 半導體業,MCU
[otc] 6496 (科懋, 70/46667) : 生技醫療業,生技製藥,藥品通路指標
[otc] 6497 (亞獅康-KY, 284/189954) : 生技醫療業,生技製藥
[otc] 6499 (益安, 99/66495) : 生技醫療業,生技醫療器材與服務,醫療產品指標
[tse] 6504 (南六, 108/72600) : 其他,生技醫療器材與服務,不織布指標,口罩
[tse] 6505 (台塑化, 14288/9525959) : 油電燃氣業,塑膠,TSE-塑膠,TSE-電油燃氣,油電燃氣指標,塑膠原料指標
[otc] 6506 (雙邦, 123/82360) : 化學工業,OTC-化工,合成樹酯指標
[otc] 6508 (惠光, 127/84782) : 農業科技,塑膠製品指標,農藥指標
[otc] 6509 (聚和, 259/173204) : 化學工業,化學工業,OTC-化工,膠帶貼紙指標,TESLA
[otc] 6510 (精測, 49/32789) : 半導體業,Ic封測,OTC-電子,OTC-半導體,IC封測指標,台積概念股,IC測試載板
[otc] 6512 (啟發電, 37/25000) : 其他電子業,視訊轉換相關指標
[otc] 6514 (芮特-KY, 45/30015) : 通信網路業
[otc] 6516 (勤崴國際, 52/35113) : 資訊服務業
[otc] 6523 (達爾膚, 67/45047) : 生技醫療業
[tse] 6525 (捷敏-KY, 193/129047) : 半導體業,Ic封測,IC封測指標
[otc] 6527 (明達醫, 36/24276) : 生技醫療業
[otc] 6530 (創威, 50/33750) : 通信網路業,光纖產品指標
[tse] 6531 (愛普, 110/73939) : 半導體業,IC設計
[otc] 6532 (瑞耘, 47/31626) : 半導體業,儀器設備工程,台積概念股
[tse] 6533 (晶心科, 63/42650) : 半導體業,IC設計
[otc] 6535 (順藥, 176/117594) : 生技醫療業,西藥製藥指標
[otc] 6538 (倉和, 45/30300) : 電子零組件業
[tse] 6541 (泰福-KY, 396/264210) : 生技醫療業,生技製藥,TSE-化學生技醫療,TSE-生技醫療
[otc] 6542 (隆中, 63/42000) : 文化創意業,OTC-文化創意,遊戲相關指標
[otc] 6547 (高端疫苗, 279/186602) : 生技醫療業,生技製藥,OTC-生技醫療
[otc] 6548 (長科*, 546/364131) : 半導體業,LED及光元件,OTC-光電,IC封測指標,LED指標,導線架
[tse] 6552 (易華電, 150/100000) : 半導體業,PCB製造,IC基板硬板指標,COF
[otc] 6556 (勝品, 43/28750) : 光電業,安全監控系統指標
[tse] 6558 (興能高, 130/86775) : 其他電子業,電池相關,TSE-其他電子,電池相關指標
[otc] 6560 (欣普羅, 26/17492) : 光電業,安全監控系統指標
[otc] 6561 (是方, 105/70224) : 通信網路業,網通,OTC-通信網路,電信股指標
[otc] 6568 (宏觀, 37/25100) : 半導體業,IC設計
[otc] 6569 (醫揚, 33/22008) : 生技醫療業,工業電腦指標
[otc] 6570 (維田, 45/30086) : 電腦及週邊設備業
[tse] 6573 (虹揚-KY, 120/80499) : 半導體業,分離式元件指標
[otc] 6574 (霈方, 32/21990) : 生技醫療業
[otc] 6576 (逸達, 150/100383) : 生技醫療業,生技製藥
[otc] 6577 (勁豐, 57/38254) : 電腦及週邊設備業,OTC-電腦與周邊設備,工業電腦指標
[otc] 6578 (達邦蛋白, 44/29362) : 農業科技,其他*,生物科技指標
[tse] 6579 (研揚, 222/148498) : 電腦及週邊設備業,工業電腦指標
[tse] 6581 (鋼聯, 166/111270) : 其他,其他*,環保水利指標
[tse] 6582 (申豐, 157/104883) : 橡膠工業,TSE-橡膠,橡膠原料
[otc] 6588 (東典, 40/26700) : 通信網路業
[otc] 6589 (台康生技, 307/204856) : 生技醫療業
[otc] 6590 (普鴻, 27/18291) : 資訊服務業
[tse] 6591 (動力-KY, 42/28197) : 電腦及週邊設備業,散熱模組,散熱模組指標,散熱風扇
[tse] 6592 (和潤企業, 772/515000) : 其他
[otc] 6593 (台灣銘板, 30/20170) : 資訊服務業,OTC-資訊服務
[otc] 6594 (展匯科, 30/20552) : 半導體業
[otc] 6596 (寬宏藝術, 41/27830) : 文化創意業,OTC-文化創意,文創產業指標
[tse] 6598 (ABC-KY, 122/81434) : 生技醫療業
[otc] 6603 (富強鑫, 223/148708) : 電機機械,產業機械指標
[tse] 6605 (帝寶, 248/165816) : 汽車工業,汽車零組件,TSE-電機機械,汽車零組件指標,AM族群
[otc] 6609 (瀧澤科, 108/72456) : 電機機械,電機,OTC-電機機械,工具機械指標
[otc] 6612 (奈米醫材, 50/33731) : 生技醫療業,生技醫療器材與服務,醫療產品指標
[otc] 6613 (朋億, 50/33928) : 其他電子業,儀器設備工程,OTC-其他電子,設備儀器廠商指標
[otc] 6615 (慧智, 31/21219) : 生技醫療業,生技醫療器材與服務,醫療服務指標
[otc] 6616 (特昇-KY, 35/23625) : 其他,家居用品指標
[otc] 6624 (萬年清, 27/18000) : 其他
[tse] 6625 (必應, 56/37533) : 其他,文創產業指標
[otc] 6629 (泰金-KY, 50/33530) : 其他
[otc] 6640 (均華, 42/28276) : 半導體業
[tse] 6641 (基士德-KY, 51/34000) : 其他,環保水利指標
[otc] 6642 (富致, 47/31399) : 電子零組件業
[otc] 6643 (M31, 46/31318) : 半導體業,IC設計
[otc] 6649 (台生材, 49/33000) : 生技醫療業
[otc] 6654 (天正國際, 49/33262) : 其他電子業,儀器設備工程
[tse] 6655 (科定, 113/75608) : 其他,建材指標
[otc] 6662 (樂斯科, 38/25612) : 生技醫療業
[otc] 6664 (群翊, 82/55000) : 電子零組件業,PCB材料設備
[tse] 6666 (羅麗芬-KY, 71/47388) : 生技醫療業,生計保健食品與美妝品,TSE-化學生技醫療,TSE-生技醫療
[otc] 6667 (信紘科, 52/35142) : 其他電子業,台積概念股
[tse] 6668 (中揚光, 102/68367) : 光電業,模具製造*
[tse] 6669 (緯穎, 262/174840) : 電腦及週邊設備業,AMD,伺服器概念股
[tse] 6670 (復盛應用, 196/131030) : 其他,高爾夫球*,高爾夫球指標
[tse] 6671 (三能-KY, 91/60750) : 其他,產業機械指標
[tse] 6672 (騰輝電子-KY, 105/70654) : 電子零組件業
[tse] 6674 (鋐寶科技, 100/66887) : 通信網路業,通訊設備,網路通訊指標
[otc] 6679 (鈺太, 61/41273) : 半導體業,CMOS影像感測器
[otc] 6680 (鑫創電子, 26/17500) : 電腦及週邊設備業
[otc] 6683 (雍智科技, 40/27075) : 半導體業,台積概念股,IC測試載板
[otc] 6690 (安碁資訊, 24/16339) : 資訊服務業
[otc] 6697 (東捷資訊, 40/27323) : 資訊服務業
[tse] 6698 (旭暉應材, 99/66389) : 其他電子業
[tse] 6706 (惠特, 100/66744) : 光電業,mini_led
[tse] 6715 (嘉基, 85/57000) : 電子零組件業
[otc] 6716 (應廣, 33/22180) : 半導體業
[otc] 6732 (昇佳電子, 73/48912) : 半導體業
[otc] 6803 (崑鼎, 100/67105) : 其他,其他*,OTC-其他,環保水利指標
[otc] 7402 (邑錡, 33/22224) : 光電業,安全監控系統指標
[tse] 8011 (台通, 177/118620) : 通信網路業,網通,光纖產品指標,光纖被動元件指標
[tse] 8016 (矽創, 180/120136) : 半導體業,IC設計,IC設計指標,手機零組件指標,車用電子指標
[tse] 8021 (尖點, 213/142180) : 其他電子業,印刷電路板上游
[otc] 8024 (佑華, 67/45160) : 半導體業
[otc] 8027 (鈦昇, 122/81461) : 電機機械,電機,OTC-電機機械
[tse] 8028 (昇陽半導體, 198/132408) : 半導體業,半導體*,半導體指標,台積概念晶圓薄化
[otc] 8032 (光菱, 77/51810) : 電子通路業,OTC-電子通路,IC零組件通路商指標
[tse] 8033 (雷虎, 168/112629) : 其他
[otc] 8034 (榮群, 94/62873) : 通信網路業,接取設備指標,電信設備指標
[otc] 8038 (長園科, 89/59812) : 電子零組件業,電池相關,電池材料相關指標,電池相關指標
[tse] 8039 (台虹, 313/209119) : 電子零組件業,PCB製造,軟板指標,TWS概念股
[otc] 8040 (九暘, 100/67216) : 半導體業
[otc] 8042 (金山電, 183/122030) : 電子零組件業,被動元件,OTC-電子零組件,被動元件指標,國巨集團,車用被動元件,被動元件-上游鋁箔
[otc] 8043 (蜜望實, 119/79907) : 電子零組件業,被動元件,MLCC指標,被動元件指標,被動元件-通路商
[otc] 8044 (網家, 175/117159) : 電子商務,網路相關*,OTC-電子商務,電子商務指標
[tse] 8046 (南電, 969/646165) : 電子零組件業,PCB製造,TSE-電子零組件,IC基板硬板指標,印刷電路指標,PCB_ABF,AMD,伺服器概念股
[otc] 8047 (星雲, 62/41666) : 其他電子業
[otc] 8048 (德勝, 79/53264) : 通信網路業,光纖產品指標
[otc] 8049 (晶采, 177/118279) : 光電業,LCDTFT面板,OTC-光電,TFT面板指標
[otc] 8050 (廣積, 265/177099) : 電腦及週邊設備業,工業電腦,OTC-電腦與周邊設備,工業電腦指標
[otc] 8054 (安國, 106/70823) : 半導體業,USBIC指標
[otc] 8059 (凱碩, 282/188618) : 通信網路業,接取設備指標
[otc] 8064 (東捷, 247/164817) : 光電業,儀器設備工程,OTC-光電
[otc] 8066 (來思達, 45/30152) : 貿易百貨,百貨*,家居用品指標
[otc] 8067 (志旭, 45/30000) : 電子通路業,OTC-電子通路,3C通路指標
[otc] 8068 (全達, 102/68659) : 電子通路業,OTC-電子通路,IC零組件通路商指標
[otc] 8069 (元太, 1710/1140467) : 光電業,LCDTFT面板,OTC-電子,OTC-光電,TFT面板指標
[tse] 8070 (長華, 95/63879) : 電子通路業,IC通路*,TSE-電子通路,其他電子通路指標
[otc] 8071 (能率網通, 77/51854) : 電子零組件業,模具沖壓指標
[tse] 8072 (陞泰, 120/80000) : 電子通路業,TSE-電子通路,安全監控系統指標
[otc] 8074 (鉅橡, 129/86501) : 電子零組件業,印刷電路板上游
[otc] 8076 (伍豐, 388/259158) : 電腦及週邊設備業,商業自動化*,OTC-電腦與周邊設備,工業電腦指標
[otc] 8077 (洛碁, 164/109728) : 觀光事業,OTC-觀光,飯店指標
[otc] 8080 (永利聯合, 132/88291) : 電子零組件業
[tse] 8081 (致新, 129/86172) : 半導體業,IC設計,類比IC指標
[otc] 8083 (瑞穎, 52/35133) : 電機機械,OTC-電機機械,機械零組件指標
[otc] 8084 (巨虹, 100/67094) : 電子通路業,OTC-電子通路,周邊產品指標
[otc] 8085 (福華, 235/157257) : 其他電子業,LCD零組件,背光板指標
[otc] 8086 (宏捷科, 232/154716) : 半導體業,砷化鎵,OTC-半導體,砷化鎵相關指標,WIFI6
[otc] 8087 (華鎂鑫, 43/29068) : 光電業,光碟指標
[otc] 8088 (品安, 91/60921) : 半導體業,記憶體模組指標
[otc] 8091 (翔名, 67/44686) : 電子零組件業,儀器設備工程,設備儀器廠商指標
[otc] 8092 (建暐, 58/38850) : 其他電子業
[otc] 8093 (保銳, 96/64208) : 電子零組件業,散熱模組指標
[otc] 8096 (擎亞, 209/139623) : 電子通路業,OTC-電子通路,IC零組件通路商指標
[otc] 8097 (常珵, 40/26674) : 通信網路業,無線網路指標
[otc] 8099 (大世科, 132/88560) : 資訊服務業,OTC-資訊服務
[tse] 8101 (華冠, 312/208088) : 通信網路業,手機股指標,穿戴式裝置指標
[tse] 8103 (瀚荃, 122/81399) : 電子零組件業,連接線材指標,連接器指標
[tse] 8104 (錸寶, 101/67630) : 光電業,LCDTFT面板,TFT面板指標,錸德集團
[tse] 8105 (凌巨, 662/441544) : 光電業,LCDTFT面板,TFT面板指標,TNSTN指標,手機零組件指標
[otc] 8107 (大億金茂, 112/75000) : 電機機械
[otc] 8109 (博大, 108/72609) : 電子零組件業,電源供應器,OTC-電子零組件,電源相關指標
[tse] 8110 (華東, 759/506381) : 半導體業,Ic封測
[otc] 8111 (立碁, 163/109102) : 光電業
[tse] 8112 (至上, 567/378496) : 電子通路業,IC通路*,TSE-電子通路,IC零組件通路商指標
[tse] 8114 (振樺電, 112/74921) : 電腦及週邊設備業,商業自動化*,工業電腦指標
[otc] 8121 (越峰, 274/182993) : 電子零組件業,被動元件指標
[tse] 8131 (福懋科, 663/442222) : 半導體業,Ic封測,IC封測指標
[otc] 8147 (正淩, 45/30527) : 電子零組件業
[tse] 8150 (南茂, 1090/727240) : 半導體業,Ic封測,TSE-半導體,IC封測指標,COF
[otc] 8155 (博智, 74/49756) : 電子零組件業,PCB製造,印刷電路指標,伺服器概念股
[tse] 8163 (達方, 420/280000) : 電腦及週邊設備業,被動元件,TSE-電腦與周邊設備,周邊產品指標
[otc] 8171 (天宇, 76/50723) : 通信網路業,電池相關指標
[otc] 8176 (智捷, 108/72500) : 通信網路業,無線網路指標
[otc] 8182 (加高, 160/107041) : 電子零組件業,被動元件,石英元件指標
[otc] 8183 (精星, 181/121251) : 其他電子業,PCB製造,OTC-其他電子
[tse] 8201 (無敵, 93/62366) : 其他電子業,手持式設備指標
[tse] 8210 (勤誠, 179/119725) : 電腦及週邊設備業,機殼,機殼指標
[tse] 8213 (志超, 406/271242) : 電子零組件業,PCB製造,印刷電路指標
[tse] 8215 (明基材, 481/320674) : 光電業,LCD零組件,TFT面板指標
[tse] 8222 (寶一, 102/68573) : 電機機械,飛機零組件,飛機零組件指標
[otc] 8234 (新漢, 211/141226) : 電腦及週邊設備業,OTC-電腦與周邊設備,工業電腦指標,機器人指標
[otc] 8240 (華宏, 150/100004) : 光電業,LCD零組件,OTC-光電,TFT面板指標
[tse] 8249 (菱光, 190/127055) : 電子零組件業,影像感測元件指標
[otc] 8255 (朋程, 137/91513) : 電機機械,LED及光元件,OTC-電機機械,汽車零組件指標,分離式元件指標,車用電子指標
[tse] 8261 (富鼎, 122/81340) : 半導體業,LED及光元件,分離式元件指標,類比IC指標,MOSFET,鴻海車用
[tse] 8271 (宇瞻, 151/100897) : 半導體業,DRAM,記憶體模組指標
[otc] 8277 (商丞, 137/91628) : 半導體業,記憶體模組指標
[otc] 8279 (生展, 40/27100) : 生技醫療業,生計保健食品與美妝品,原料藥指標,保健品指標
[otc] 8284 (三竹, 69/46342) : 資訊服務業
[otc] 8289 (泰藝, 102/68333) : 電子零組件業
[otc] 8291 (尚茂, 114/76024) : 電子零組件業,印刷電路板上游
[otc] 8299 (群聯, 295/197073) : 半導體業,IC設計,OTC-電子,OTC-半導體,IC設計指標,USBIC指標,周邊產品指標
[tse] 8341 (日友, 167/111500) : 其他,其他*,環保水利指標,其他傳統產業指標
[otc] 8342 (益張, 50/33536) : 其他,家居用品指標
[otc] 8349 (恒耀國際, 174/116382) : 鋼鐵工業,鋼鐵,OTC-鋼鐵,線材盤元指標
[otc] 8354 (冠好, 117/78532) : 塑膠工業,膠帶貼紙指標
[otc] 8358 (金居, 378/252588) : 電子零組件業,PCB材料設備,OTC-電子零組件,印刷電路板上游,PCB_銅箔基板,AMD,銅概念股
[tse] 8367 (建新國際, 121/81131) : 航運業,貨櫃航運指標
[tse] 8374 (羅昇, 168/112225) : 電機機械,電機,重電業指標
[otc] 8383 (千附, 177/118192) : 其他電子業,儀器設備工程,OTC-其他電子,飛機零組件指標,無塵室工程指標,台積概念股
[otc] 8390 (金益鼎, 144/96401) : 其他,環保水利指標
[otc] 8401 (白紗科, 94/62729) : 其他,傳播出版印刷指標
[otc] 8403 (盛弘, 153/102309) : 生技醫療業,生技醫療器材與服務,醫療服務指標,藥品通路指標
[tse] 8404 (百和興業-KY, 472/315178) : 其他,製鞋
[otc] 8406 (金可-KY, 138/92450) : 生技醫療業,生技醫療器材與服務,OTC-生技醫療,醫療產品指標,光學鏡片指標,隱形眼鏡
[otc] 8409 (商之器, 42/28000) : 生技醫療業
[otc] 8410 (森田, 54/36589) : 電腦及週邊設備業,機殼指標
[tse] 8411 (福貞-KY, 263/175398) : 其他,製瓶罐指標
[otc] 8415 (大國鋼, 1547/1031500) : 鋼鐵工業,鋼鐵,OTC-鋼鐵,線材盤元指標
[otc] 8416 (實威, 42/28210) : 資訊服務業,OTC-資訊服務,軟體指標
[otc] 8418 (捷必勝-KY, 117/78359) : 其他
[otc] 8420 (明揚, 76/50990) : 其他,高爾夫球指標
[otc] 8421 (旭源, 82/54817) : 其他,傳播出版印刷指標
[tse] 8422 (可寧衛, 163/108888) : 其他,其他*,環保水利指標,其他傳統產業指標
[otc] 8423 (保綠-KY, 33/22075) : 其他,橡膠原料
[otc] 8424 (惠普, 54/36054) : 建材營造,OTC-建材營造,建材指標
[otc] 8426 (紅木-KY, 75/50242) : 其他,營造指標
[tse] 8427 (基勝-KY, 156/104261) : 其他,家居用品指標
[tse] 8429 (金麗-KY, 278/185747) : 貿易百貨,百貨*,TSE-貿易百貨,成衣指標
[otc] 8431 (匯鑽科, 66/44455) : 其他電子業,連接元件
[otc] 8432 (東生華, 57/38398) : 生技醫療業
[otc] 8433 (弘帆, 78/52081) : 貿易百貨,觀光百貨指標
[otc] 8435 (鉅邁, 47/31700) : 其他,OTC-其他
[otc] 8436 (大江, 176/117610) : 生技醫療業,生計保健食品與美妝品,OTC-生技醫療,保健品指標,傳產外銷指標
[otc] 8437 (大地-KY, 71/47851) : 其他,其他*,OTC-其他,服務業指標
[otc] 8440 (綠電, 57/38000) : 其他,環保水利指標
[tse] 8442 (威宏-KY, 89/59999) : 其他
[tse] 8443 (阿瘦, 100/66800) : 貿易百貨
[otc] 8444 (綠河-KY, 110/73770) : 其他,OTC-其他,建材指標
[otc] 8446 (華研, 79/52914) : 文化創意業,文化創意,OTC-文化創意,文創產業指標
[otc] 8450 (霹靂, 76/51309) : 文化創意業,OTC-文化創意,文創產業指標
[tse] 8454 (富邦媒, 210/140058) : 貿易百貨,網路相關*,TSE-貿易百貨,電子商務指標
[otc] 8455 (大拓-KY, 37/25219) : 其他電子業,其他電子通路指標
[tse] 8462 (柏文, 105/70240) : 觀光事業,其他*,OTC-觀光,健身
[tse] 8463 (潤泰材, 225/150000) : 其他,水泥指標
[tse] 8464 (億豐, 439/293020) : 其他,其他*,其他傳統產業指標
[tse] 8466 (美吉吉-KY, 99/66059) : 其他,建材指標
[tse] 8467 (波力-KY, 74/49534) : 其他
[otc] 8472 (夠麻吉, 27/18338) : 電子商務,OTC-電子商務,Internet相關指標
[tse] 8473 (山林水, 202/134812) : 其他,其他*,環保水利指標
[otc] 8476 (台境, 90/60510) : 其他
[otc] 8477 (創業家, 37/24961) : 電子商務,OTC-電子商務,Internet相關指標
[tse] 8478 (東哥遊艇, 136/90886) : 其他
[tse] 8480 (泰昇-KY, 58/39270) : 其他
[tse] 8481 (政伸, 99/66601) : 其他,傳播出版印刷指標
[tse] 8482 (商億-KY, 166/111112) : 其他,其他*,家居用品指標
[tse] 8488 (吉源-KY, 101/67500) : 其他,製瓶罐指標
[otc] 8489 (三貝德, 56/37752) : 文化創意業,其他*,OTC-文化創意
[tse] 8497 (格威傳媒, 54/36542) : 其他,文化創意,傳播出版印刷指標,文創產業指標
[tse] 8499 (鼎炫-KY, 76/51286) : 其他,其他*,設備儀器廠商指標
[otc] 8905 (裕國, 179/119440) : 其他,OTC-其他,綜合食物指標
[otc] 8906 (花王, 51/34037) : 其他,傳播出版印刷指標
[otc] 8908 (欣雄, 270/180250) : 油電燃氣業,油電燃氣指標
[otc] 8916 (光隆, 196/130807) : 其他,其他*,OTC-其他,成衣指標
[otc] 8917 (欣泰, 183/122203) : 油電燃氣業,油電燃氣指標
[otc] 8921 (沈氏, 69/46592) : 其他,傳播出版印刷指標
[otc] 8923 (時報, 45/30375) : 文化創意業,傳播出版印刷指標
[otc] 8924 (大田, 125/83800) : 其他,高爾夫球*,OTC-其他,高爾夫球指標
[tse] 8926 (台汽電, 883/589048) : 油電燃氣業,其他*,TSE-電油燃氣,油電燃氣指標
[otc] 8927 (北基, 287/191833) : 油電燃氣業,油電燃氣指標
[otc] 8928 (鉅明, 76/50854) : 其他,高爾夫球指標
[otc] 8929 (富堡, 75/50580) : 其他,不織布指標
[otc] 8930 (青鋼, 121/80669) : 鋼鐵工業,OTC-鋼鐵,建材指標
[otc] 8931 (大汽電, 183/122254) : 油電燃氣業,油電燃氣指標
[otc] 8932 (宏大, 73/48800) : 其他
[otc] 8933 (愛地雅, 351/234250) : 其他,自行車*,OTC-其他,自行車指標
[otc] 8934 (衡平, 12/8510) : 其他,務業租貸指標
[otc] 8935 (邦泰, 126/84300) : 其他
[otc] 8936 (國統, 373/249224) : 其他,其他*,OTC-其他,水泥指標
[otc] 8937 (合騏, 108/72478) : 其他
[otc] 8938 (明安, 202/135312) : 其他,高爾夫球*,OTC-其他,高爾夫球指標
[tse] 8940 (新天地, 101/67491) : 觀光事業,TSE-觀光,餐飲指標
[otc] 8941 (關中, 41/27645) : 貿易百貨
[otc] 8942 (森鉅, 248/165840) : 其他,其他*,OTC-其他,建材指標
[tse] 8996 (高力, 134/89384) : 電機機械,電機
[tse] 9103 (美德醫療-DR, 824/549411) : 存託憑證
[tse] 910322 (康師傅-DR, 8430/5620600) : 存託憑證
[tse] 9105 (泰金寶-DR, 6831/4554643) : 存託憑證
[tse] 910861 (神州-DR, 2507/1671377) : 存託憑證
[tse] 9110 (越南控-DR, 1361/907680) : 存託憑證
[tse] 911608 (明輝-DR, 720/480000) : 存託憑證
[otc] 911613 (特藝-DR, 343/228717) : 存託憑證
[tse] 911616 (杜康-DR, 119/79828) : 存託憑證
[tse] 911622 (泰聚亨-DR, 895/596748) : 存託憑證
[tse] 911868 (同方友友-DR, 3163/2109163) : 存託憑證
[tse] 912000 (晨訊科-DR, 3836/2557896) : 存託憑證
[tse] 912398 (友佳-DR, 604/403200) : 存託憑證
[tse] 9136 (巨騰-DR, 1749/1166342) : 存託憑證,機殼指標
[tse] 9188 (精熙-DR, 1227/818580) : 存託憑證
[tse] 9802 (鈺齊-KY, 262/175161) : 其他,製鞋
[tse] 9902 (台火, 147/98049) : 其他
[tse] 9904 (寶成, 4420/2946787) : 其他,製鞋,中概股指標,傳產外銷指標
[tse] 9905 (大華, 457/305000) : 其他,製瓶罐指標
[tse] 9906 (欣巴巴, 125/83343) : 建材營造
[tse] 9907 (統一實, 2368/1579145) : 其他,其他*,傳產外銷指標,製瓶罐指標,其他傳統產業指標
[tse] 9908 (大台北, 774/516358) : 油電燃氣業,TSE-電油燃氣,油電燃氣指標
[tse] 9910 (豐泰, 1102/734734) : 其他,製鞋,中概股指標,傳產外銷指標,其他傳統產業指標
[tse] 9911 (櫻花, 331/221121) : 其他,其他*,家居用品指標
[tse] 9912 (偉聯, 80/53806) : 電腦及週邊設備業,顯示器指標
[tse] 9914 (美利達, 448/298983) : 其他,自行車*,傳產外銷指標,自行車指標,其他傳統產業指標
[tse] 9917 (中保科, 676/451197) : 其他,其他*,服務業指標,其他傳統產業指標
[tse] 9918 (欣天然, 270/180537) : 油電燃氣業,TSE-電油燃氣,油電燃氣指標
[tse] 9919 (康那香, 293/195362) : 其他,不織布指標,口罩
[tse] 9921 (巨大, 562/375064) : 其他,自行車*,中概股指標,傳產外銷指標,自行車指標,其他傳統產業指標
[tse] 9924 (福興, 282/188452) : 其他,其他*,家居用品指標
[tse] 9925 (新保, 575/383653) : 其他,其他*,機器人指標,服務業指標,其他傳統產業指標
[tse] 9926 (新海, 269/179504) : 油電燃氣業,TSE-電油燃氣,油電燃氣指標
[tse] 9927 (泰銘, 313/209148) : 其他,鋼鐵,非鐵金屬指標
[tse] 9928 (中視, 226/150724) : 其他,傳播出版印刷指標
[tse] 9929 (秋雨, 253/168800) : 其他,傳播出版印刷指標
[tse] 9930 (中聯資源, 372/248540) : 其他,水泥指標,其他傳統產業指標
[tse] 9931 (欣高, 153/102250) : 油電燃氣業,TSE-電油燃氣,油電燃氣指標
[tse] 9933 (中鼎, 1144/763321) : 其他,其他*,營造指標,其他傳統產業指標
[tse] 9934 (成霖, 535/356848) : 其他,其他*,家居用品指標
[tse] 9935 (慶豐富, 254/169623) : 其他,其他*,家居用品指標
[tse] 9937 (全國, 463/309043) : 油電燃氣業,其他*,TSE-電油燃氣,油電燃氣指標
[tse] 9938 (百和, 446/297963) : 其他,製鞋,其他傳統產業指標
[tse] 9939 (宏全, 431/287785) : 其他,其他*,製瓶罐指標,其他傳統產業指標
[tse] 9940 (信義, 1105/736846) : 其他,其他*,服務業指標,其他傳統產業指標,其他傳統產業指標
[tse] 9941 (裕融, 453/302092) : 其他,其他*,汽車股指標,其他傳統產業指標
[tse] 9942 (茂順, 124/83161) : 其他,其他*,橡膠輪胎指標
[tse] 9943 (好樂迪, 220/147317) : 觀光事業,其他*,TSE-觀光,觀光百貨指標
[tse] 9944 (新麗, 163/109107) : 其他,不織布指標
[tse] 9945 (潤泰新, 1504/1003253) : 其他,其他*,營件指標,其他傳統產業指標
[tse] 9946 (三發地產, 451/300820) : 建材營造
[otc] 9949 (琉園, 70/47033) : 文化創意業
[otc] 9950 (萬國通, 221/147716) : 塑膠工業
[otc] 9951 (皇田, 112/74900) : 電機機械,汽車零組件,OTC-電機機械,TESLA
[tse] 9955 (佳龍, 154/103208) : 其他,環保水利指標
[tse] 9958 (世紀鋼, 314/209548) : 鋼鐵工業,鋼鐵,TSE-鋼鐵,條鋼指標,風電概念
[otc] 9960 (邁達康, 50/33592) : 貿易百貨,電子商務指標,高爾夫球指標
[otc] 9962 (有益, 135/90220) : 鋼鐵工業,OTC-鋼鐵,不鏽鋼指標
